id,deleted_at,created_at,updated_at,name,remark
01ad5f38-10b6-11e7-9c2e-d850e6bdf14c,NULL,3/24/2017 10:19,3/24/2017 10:19,AIR BRAKE BOOSTER MC828264 YBB-A103 FRR/FK,CHINA 
1b2e4d60-10d3-11e7-9c2e-d850e6bdf14c,NULL,3/24/2017 13:47,3/24/2017 13:47,LEAFSPRING 278-2 EHD,CSS
48cb5344-10d3-11e7-9c2e-d850e6bdf14c,NULL,3/24/2017 13:48,3/24/2017 13:48,LEAFSPRING 278-3 EHD W/CLP,CSS
495f8a62-10b2-11e7-9c2e-d850e6bdf14c,NULL,3/24/2017 9:52,3/24/2017 9:52,POWER SHIFT 1-33730-127-0 RH 28MM LONG SHAFT,PACKING LIST FROM CHINA
5444cace-10d4-11e7-9c2e-d850e6bdf14c,NULL,3/24/2017 13:56,3/24/2017 13:56,RIM 15X6HOLES FE/CANTER S/T,CSS
5d859452-10b5-11e7-9c2e-d850e6bdf14c,NULL,3/24/2017 10:14,3/24/2017 10:14,AIR BRAKE BOOSTER YBB-A215A with Relay Valve 6WA1,PACKING LIST FROM CHINA
7f941afc-10b3-11e7-9c2e-d850e6bdf14c,NULL,3/24/2017 10:01,3/24/2017 10:01,POWER SHIFT 654-01015 LH YCB-G109 SHORT,PACKING LIST FROM CHINA
853879aa-10d4-11e7-9c2e-d850e6bdf14c,NULL,3/24/2017 13:57,3/24/2017 13:57,RIM 16X6HOLES FE/CANTER ST,CSS
97bc1d6e-10a9-11e7-9c2e-d850e6bdf14c,NULL,3/24/2017 8:50,3/24/2017 8:50,item,NULL
9829e79a-10a9-11e7-9c2e-d850e6bdf14c,NULL,3/24/2017 8:50,3/24/2017 8:50,ACCELERATOR PEDAL FUSO,NULL
984ee586-10a9-11e7-9c2e-d850e6bdf14c,NULL,3/24/2017 8:50,3/24/2017 8:50,AIR BRAKE BOOSTER  1430 LONG,NULL
987b60ca-10a9-11e7-9c2e-d850e6bdf14c,NULL,3/24/2017 8:50,3/24/2017 8:50,AIR BRAKE BOOSTER 1-47800-759,NULL
98a7b102-10a9-11e7-9c2e-d850e6bdf14c,NULL,3/24/2017 8:50,3/24/2017 8:50,AIR BRAKE BOOSTER 757-0 LONG ISUZU CXZ,NULL
98cdbef6-10a9-11e7-9c2e-d850e6bdf14c,NULL,3/24/2017 8:50,3/24/2017 8:50,AIR BRAKE BOOSTER MC815305 SHORT YBB-A105,NULL
98e4c4b6-10a9-11e7-9c2e-d850e6bdf14c,NULL,3/24/2017 8:50,3/24/2017 8:50,AIR BRAKE BOOSTER MC815402,NULL
98f95494-10a9-11e7-9c2e-d850e6bdf14c,NULL,3/24/2017 8:50,3/24/2017 8:50,AIR BRAKE COIL PA2245SR RED TRAILER HOSE,NULL
9905d9bc-10a9-11e7-9c2e-d850e6bdf14c,NULL,3/24/2017 8:50,3/24/2017 8:50,AIR BRAKE COIL PA22A5SY YELLOW TRAILER HOSE,NULL
99132298-10a9-11e7-9c2e-d850e6bdf14c,NULL,3/24/2017 8:50,3/24/2017 8:50,AIR COMPRESSOR 6BG1,NULL
991fdb78-10a9-11e7-9c2e-d850e6bdf14c,NULL,3/24/2017 8:50,3/24/2017 8:50,AIR DRIER ASSY DR31,NULL
992cb6b8-10a9-11e7-9c2e-d850e6bdf14c,NULL,3/24/2017 8:50,3/24/2017 8:50,AIR DRIER ASSY DR-5,NULL
993b9d36-10a9-11e7-9c2e-d850e6bdf14c,NULL,3/24/2017 8:50,3/24/2017 8:50,AIR DRIER ASSY DU-3,NULL
9948673c-10a9-11e7-9c2e-d850e6bdf14c,NULL,3/24/2017 8:50,3/24/2017 8:50,AIR DRIER ASSY DU-4,NULL
995796b2-10a9-11e7-9c2e-d850e6bdf14c,NULL,3/24/2017 8:50,3/24/2017 8:50,AIR DRIER ASSY DU-5,NULL
9964ddc2-10a9-11e7-9c2e-d850e6bdf14c,NULL,3/24/2017 8:50,3/24/2017 8:50,AIR DRIER ASSY DU-6,NULL
9971a142-10a9-11e7-9c2e-d850e6bdf14c,NULL,3/24/2017 8:50,3/24/2017 8:50,AIR HORN yah-740,NULL
997e58f6-10a9-11e7-9c2e-d850e6bdf14c,NULL,3/24/2017 8:50,3/24/2017 8:50,ALLOY STEP CT96133 LH=RH,NULL
998f7168-10a9-11e7-9c2e-d850e6bdf14c,NULL,3/24/2017 8:50,3/24/2017 8:50,ALLOY STEP GR97018 LOWER LH=RH,NULL
999e15d8-10a9-11e7-9c2e-d850e6bdf14c,NULL,3/24/2017 8:50,3/24/2017 8:50,ALLOY STEP LOWER CE84057/58 LH=RH,NULL
99aaced6-10a9-11e7-9c2e-d850e6bdf14c,NULL,3/24/2017 8:50,3/24/2017 8:50,ALLOY STEP UPPER CE84055/56 LH=RH,NULL
99b78f0e-10a9-11e7-9c2e-d850e6bdf14c,NULL,3/24/2017 8:50,3/24/2017 8:50,ALLOY STEP UPPER LH CE97083,NULL
99c4bbc0-10a9-11e7-9c2e-d850e6bdf14c,NULL,3/24/2017 8:50,3/24/2017 8:50,ALLOY STEP UPPER RH CE97083,NULL
99d4a0da-10a9-11e7-9c2e-d850e6bdf14c,NULL,3/24/2017 8:50,3/24/2017 8:50,ATF TANK FLUID P34334-00183,NULL
99e1439e-10a9-11e7-9c2e-d850e6bdf14c,NULL,3/24/2017 8:50,3/24/2017 8:50,BASAHAN  small,NULL
99ede16c-10a9-11e7-9c2e-d850e6bdf14c,NULL,3/24/2017 8:50,3/24/2017 8:50,BOLT 14X300,NULL
99fa99ac-10a9-11e7-9c2e-d850e6bdf14c,NULL,3/24/2017 8:50,3/24/2017 8:50,BOLT 18X110,NULL
9a080934-10a9-11e7-9c2e-d850e6bdf14c,NULL,3/24/2017 8:50,3/24/2017 8:50,BOLT 18X130,NULL
9a188b2e-10a9-11e7-9c2e-d850e6bdf14c,NULL,3/24/2017 8:50,3/24/2017 8:50,BOLT 18x260,NULL
9a253392-10a9-11e7-9c2e-d850e6bdf14c,NULL,3/24/2017 8:50,3/24/2017 8:50,BOLT 18X75 ,NULL
9a320a72-10a9-11e7-9c2e-d850e6bdf14c,NULL,3/24/2017 8:50,3/24/2017 8:50,BOLT 18X90,NULL
9a413858-10a9-11e7-9c2e-d850e6bdf14c,NULL,3/24/2017 8:50,3/24/2017 8:50,BOLT 24X280/58,NULL
9a4de238-10a9-11e7-9c2e-d850e6bdf14c,NULL,3/24/2017 8:50,3/24/2017 8:50,BOX FOR DASHBOARD FUSO GR97,NULL
9a5b0e4a-10a9-11e7-9c2e-d850e6bdf14c,NULL,3/24/2017 8:50,3/24/2017 8:50,BRAKE CHAMBER 2 STUD T30,NULL
9a689e52-10a9-11e7-9c2e-d850e6bdf14c,NULL,3/24/2017 8:50,3/24/2017 8:50,BRAKE CHAMBER 2STUD T30  SINGLE,NULL
9a75570a-10a9-11e7-9c2e-d850e6bdf14c,NULL,3/24/2017 8:50,3/24/2017 8:50,BRAKE CHAMBER 2STUD T30/30 DD,NULL
9a833cbc-10a9-11e7-9c2e-d850e6bdf14c,NULL,3/24/2017 8:50,3/24/2017 8:50,BRAKE CHAMBER 4STUD  ISUZU 925-322-622,NULL
9a93b628-10a9-11e7-9c2e-d850e6bdf14c,NULL,3/24/2017 8:50,3/24/2017 8:50,BRAKE CHAMBER 4STUD 622,NULL
9aa289a0-10a9-11e7-9c2e-d850e6bdf14c,NULL,3/24/2017 8:50,3/24/2017 8:50,BRAKE CHAMBER 4STUD 925-322-622-0,NULL
9ab2d896-10a9-11e7-9c2e-d850e6bdf14c,NULL,3/24/2017 8:50,3/24/2017 8:50,BRAKE CHAMBER 4STUD HINO ZM440,NULL
9abf653e-10a9-11e7-9c2e-d850e6bdf14c,NULL,3/24/2017 8:50,3/24/2017 8:50,BRAKE CHAMBER 4STUD T30/30 005,NULL
9acd4d3e-10a9-11e7-9c2e-d850e6bdf14c,NULL,3/24/2017 8:50,3/24/2017 8:50,BRAKE CHAMBER 4STUD T30/30DD  005,NULL
9ada1eba-10a9-11e7-9c2e-d850e6bdf14c,NULL,3/24/2017 8:50,3/24/2017 8:50,BRAKE FLUID TANK AIR MASTER,NULL
9ae6cc50-10a9-11e7-9c2e-d850e6bdf14c,NULL,3/24/2017 8:50,3/24/2017 8:50,BRAKE FLUID TANK CRW3127-5,NULL
9af38e36-10a9-11e7-9c2e-d850e6bdf14c,NULL,3/24/2017 8:50,3/24/2017 8:50,BRICK LAYING TROWEL FA8709 280mm,NULL
9b00cb1e-10a9-11e7-9c2e-d850e6bdf14c,NULL,3/24/2017 8:50,3/24/2017 8:50,BRICK LAYING TROWEL FA8907 7mm,NULL
9b1178ce-10a9-11e7-9c2e-d850e6bdf14c,NULL,3/24/2017 8:50,3/24/2017 8:50,BRICK LAYING TROWEL FA8907 8mm ,NULL
9b215190-10a9-11e7-9c2e-d850e6bdf14c,NULL,3/24/2017 8:50,3/24/2017 8:50,BRICK LAYING TROWEL FA8935 140mm,NULL
9b2de2e8-10a9-11e7-9c2e-d850e6bdf14c,NULL,3/24/2017 8:50,3/24/2017 8:50,BRICK LAYING TROWEL FA8935 180MM,NULL
9b3b3fba-10a9-11e7-9c2e-d850e6bdf14c,NULL,3/24/2017 8:50,3/24/2017 8:50,BUMPER  PR93011A ,NULL
9b47f138-10a9-11e7-9c2e-d850e6bdf14c,NULL,3/24/2017 8:50,3/24/2017 8:50,BUMPER 10.5T 88 IZFR84022 FTR-88 TAIWAN,NULL
9b547c3c-10a9-11e7-9c2e-d850e6bdf14c,NULL,3/24/2017 8:50,3/24/2017 8:50,BUMPER 3.5T 1991 MBL85-202 FB300-91 TAIWAN,NULL
9b61340e-10a9-11e7-9c2e-d850e6bdf14c,NULL,3/24/2017 8:50,3/24/2017 8:50,BUMPER 6.8T MBL85-201 FE444 TAIWAN,NULL
9b6de550-10a9-11e7-9c2e-d850e6bdf14c,NULL,3/24/2017 8:50,3/24/2017 8:50,BUMPER ASSY CE97 chromed w/ acc,NULL
9b7a9e30-10a9-11e7-9c2e-d850e6bdf14c,NULL,3/24/2017 8:50,3/24/2017 8:50,BUMPER ASSY CE97 GIGA CHROME,NULL
9b8746da-10a9-11e7-9c2e-d850e6bdf14c,NULL,3/24/2017 8:50,3/24/2017 8:50,BUMPER ASSY CE97029 PAINTED,NULL
9b93df94-10a9-11e7-9c2e-d850e6bdf14c,NULL,3/24/2017 8:50,3/24/2017 8:50,BUMPER ASSY FRONT CE97 GIGA CHROME,NULL
9ba0652a-10a9-11e7-9c2e-d850e6bdf14c,NULL,3/24/2017 8:50,3/24/2017 8:50,BUMPER ASSY PR 93044-A,NULL
9bad34a8-10a9-11e7-9c2e-d850e6bdf14c,NULL,3/24/2017 8:50,3/24/2017 8:50,BUMPER ASSY PR CHROME,NULL
9bbbbcd0-10a9-11e7-9c2e-d850e6bdf14c,NULL,3/24/2017 8:50,3/24/2017 8:50,BUMPER CE84032-B WHOLE,NULL
9bc8a31e-10a9-11e7-9c2e-d850e6bdf14c,NULL,3/24/2017 8:50,3/24/2017 8:50,BUMPER CE97029 CHROME W/O ACC,NULL
9bd9dbca-10a9-11e7-9c2e-d850e6bdf14c,NULL,3/24/2017 8:50,3/24/2017 8:50,BUMPER CE97029 PAINTED,NULL
9be8d74c-10a9-11e7-9c2e-d850e6bdf14c,NULL,3/24/2017 8:50,3/24/2017 8:50,BUMPER CE97029 PAINTED WHITE W/OUT ACC.,NULL
9bf581b8-10a9-11e7-9c2e-d850e6bdf14c,NULL,3/24/2017 8:50,3/24/2017 8:50,BUMPER CE97029-A  ,NULL
9c025532-10a9-11e7-9c2e-d850e6bdf14c,NULL,3/24/2017 8:50,3/24/2017 8:50,BUMPER CE97029A chrome  w acc.,NULL
9c0f0dfe-10a9-11e7-9c2e-d850e6bdf14c,NULL,3/24/2017 8:50,3/24/2017 8:50,BUMPER CE97029A CHROME W/OUT ACC.,NULL
9c1ba85c-10a9-11e7-9c2e-d850e6bdf14c,NULL,3/24/2017 8:50,3/24/2017 8:50,BUMPER CE97029A W/O ACC.,NULL
9c2a2a94-10a9-11e7-9c2e-d850e6bdf14c,NULL,3/24/2017 8:50,3/24/2017 8:50,BUMPER CORNER CU91054,NULL
9c3990a6-10a9-11e7-9c2e-d850e6bdf14c,NULL,3/24/2017 8:50,3/24/2017 8:50,BUMPER CORNER CU91055,NULL
9c478ecc-10a9-11e7-9c2e-d850e6bdf14c,NULL,3/24/2017 8:50,3/24/2017 8:50,BUMPER CT96013 STD,NULL
9c543154-10a9-11e7-9c2e-d850e6bdf14c,NULL,3/24/2017 8:50,3/24/2017 8:50,BUMPER FOG LAMP LH GR97137,NULL
9c60e548-10a9-11e7-9c2e-d850e6bdf14c,NULL,3/24/2017 8:50,3/24/2017 8:50,BUMPER FOG LAMP RH GR97138,NULL
9c6dd7c6-10a9-11e7-9c2e-d850e6bdf14c,NULL,3/24/2017 8:50,3/24/2017 8:50,BUMPER FRONT ASSY CHROME CE97 GIGA,NULL
9c7ddf0e-10a9-11e7-9c2e-d850e6bdf14c,NULL,3/24/2017 8:50,3/24/2017 8:50,BUMPER FRONT NR94020 NKR & NHR 198CM WITHOUT,NULL
9c8c0c28-10a9-11e7-9c2e-d850e6bdf14c,NULL,3/24/2017 8:50,3/24/2017 8:50,BUMPER FRONT UPPER FUSO GR97061A,NULL
9c98b7d4-10a9-11e7-9c2e-d850e6bdf14c,NULL,3/24/2017 8:50,3/24/2017 8:50,BUMPER GARNISH LOWER CE97039,NULL
9ca56aec-10a9-11e7-9c2e-d850e6bdf14c,NULL,3/24/2017 8:50,3/24/2017 8:50,BUMPER GARNISH PR93012 RH,NULL
9cb32498-10a9-11e7-9c2e-d850e6bdf14c,NULL,3/24/2017 8:50,3/24/2017 8:50,BUMPER GARNISH PR93013 LH,NULL
9cbfdbc0-10a9-11e7-9c2e-d850e6bdf14c,NULL,3/24/2017 8:50,3/24/2017 8:50,BUMPER GR97061A UP CHROME,NULL
9ccc7cb8-10a9-11e7-9c2e-d850e6bdf14c,NULL,3/24/2017 8:50,3/24/2017 8:50,BUMPER GR97062A LOW CHROME,NULL
9cd92684-10a9-11e7-9c2e-d850e6bdf14c,NULL,3/24/2017 8:50,3/24/2017 8:50,BUMPER HEAD LAMP COVER CE97092 LH PAINT,NULL
9ce5dc94-10a9-11e7-9c2e-d850e6bdf14c,NULL,3/24/2017 8:50,3/24/2017 8:50,BUMPER HEAD LAMP COVER CE97093 RLH PAINT,NULL
9cf40e90-10a9-11e7-9c2e-d850e6bdf14c,NULL,3/24/2017 8:50,3/24/2017 8:50,BUMPER HEAD LAMP COVER CE97093A rh chrome,NULL
9d023b1e-10a9-11e7-9c2e-d850e6bdf14c,NULL,3/24/2017 8:50,3/24/2017 8:50,BUMPER HEADLAMP COVER CE97092A LH chrome,NULL
9d0f7dd8-10a9-11e7-9c2e-d850e6bdf14c,NULL,3/24/2017 8:50,3/24/2017 8:50,BUMPER LOWER CHROME MBCU91071A F320-86 TAIWAN,NULL
9d1f1658-10a9-11e7-9c2e-d850e6bdf14c,NULL,3/24/2017 8:50,3/24/2017 8:50,BUMPER LOWER MBH84-201 F320-86  TAIWAN,NULL
9d2e41d2-10a9-11e7-9c2e-d850e6bdf14c,NULL,3/24/2017 8:50,3/24/2017 8:50,BUMPER LOWER MBH84-201 FE20-86 TAIWAN,NULL
9d3b357c-10a9-11e7-9c2e-d850e6bdf14c,NULL,3/24/2017 8:50,3/24/2017 8:50,BUMPER MBM84-200 FM515 TAIWAN,NULL
9d4812ec-10a9-11e7-9c2e-d850e6bdf14c,NULL,3/24/2017 8:50,3/24/2017 8:50,BUMPER NPR05 WIDE CHROME,NULL
9d565d66-10a9-11e7-9c2e-d850e6bdf14c,NULL,3/24/2017 8:50,3/24/2017 8:50,BUMPER NPR05B NEW BRACKET STD,NULL
9d6322ee-10a9-11e7-9c2e-d850e6bdf14c,NULL,3/24/2017 8:50,3/24/2017 8:50,BUMPER NPR05B NEW BRACKET WIDE,NULL
9d6ff01e-10a9-11e7-9c2e-d850e6bdf14c,NULL,3/24/2017 8:50,3/24/2017 8:50,BUMPER NR05A CHROME,NULL
9d8a14f8-10a9-11e7-9c2e-d850e6bdf14c,NULL,3/24/2017 8:50,3/24/2017 8:50,BUMPER NR91 STD 168CM                                                 ,NULL
9d9ab984-10a9-11e7-9c2e-d850e6bdf14c,NULL,3/24/2017 8:50,3/24/2017 8:50,BUMPER NR94020 wide 198CM ,NULL
9da86e3a-10a9-11e7-9c2e-d850e6bdf14c,NULL,3/24/2017 8:50,3/24/2017 8:50,BUMPER PR93011B PAINTED,NULL
9db527e2-10a9-11e7-9c2e-d850e6bdf14c,NULL,3/24/2017 8:50,3/24/2017 8:50,BUMPER UPPER CHROME MBCU91070A F320-86 TAIWAN,NULL
9dc5ea5a-10a9-11e7-9c2e-d850e6bdf14c,NULL,3/24/2017 8:50,3/24/2017 8:50,BUMPER UPPER MBH84-200 F320-86 TAIWAN,NULL
9dd2bb40-10a9-11e7-9c2e-d850e6bdf14c,NULL,3/24/2017 8:50,3/24/2017 8:50,CABIN SHOCK ABSORBER 8-97083-035-0,NULL
9ddff846-10a9-11e7-9c2e-d850e6bdf14c,NULL,3/24/2017 8:50,3/24/2017 8:50,CABIN SHOCK ABSORBER MC012599,NULL
9df2499c-10a9-11e7-9c2e-d850e6bdf14c,NULL,3/24/2017 8:50,3/24/2017 8:50,CENTER BOLT 16X280 ISUZU FRT,NULL
9dff0c04-10a9-11e7-9c2e-d850e6bdf14c,NULL,3/24/2017 8:50,3/24/2017 8:50,CLUTCH BOOSTER  REPAIR KIT YCH-090R 22.2MM,NULL
9e0ece82-10a9-11e7-9c2e-d850e6bdf14c,NULL,3/24/2017 8:50,3/24/2017 8:50,CLUTCH BOOSTER 642-03505,NULL
9e2918a0-10a9-11e7-9c2e-d850e6bdf14c,NULL,3/24/2017 8:50,3/24/2017 8:50,CLUTCH BOOSTER 90MM  22.2MM  KOREA,NULL
9e3b10b4-10a9-11e7-9c2e-d850e6bdf14c,NULL,3/24/2017 8:50,3/24/2017 8:50,CLUTCH BOOSTER ASSY 105MM 22.2,NULL
9e4d6d22-10a9-11e7-9c2e-d850e6bdf14c,NULL,3/24/2017 8:50,3/24/2017 8:50,CLUTCH BOOSTER ASSY 70MM 22.2,NULL
9e5d7dc0-10a9-11e7-9c2e-d850e6bdf14c,NULL,3/24/2017 8:50,3/24/2017 8:50,CLUTCH BOOSTER KIT 70MM  0424,NULL
9e6c3fea-10a9-11e7-9c2e-d850e6bdf14c,NULL,3/24/2017 8:50,3/24/2017 8:50,"CLUTCH DISC 16TX17"" SDHN-094",NULL
9e790540-10a9-11e7-9c2e-d850e6bdf14c,NULL,3/24/2017 8:50,3/24/2017 8:50,COMBINATION SWITCH CU91 FUSO,NULL
9e85e1ca-10a9-11e7-9c2e-d850e6bdf14c,NULL,3/24/2017 8:50,3/24/2017 8:50,CORNER LAMP 213-1514 LH NKR91,NULL
9e92c908-10a9-11e7-9c2e-d850e6bdf14c,NULL,3/24/2017 8:50,3/24/2017 8:50,CORNER LAMP 213-1514 RH NKR91,NULL
9e9f86ac-10a9-11e7-9c2e-d850e6bdf14c,NULL,3/24/2017 8:50,3/24/2017 8:50,CORNER LAMP CE91 LH,NULL
9eafa87a-10a9-11e7-9c2e-d850e6bdf14c,NULL,3/24/2017 8:50,3/24/2017 8:50,CORNER LAMP CE91 RH,NULL
9ec01200-10a9-11e7-9c2e-d850e6bdf14c,NULL,3/24/2017 8:50,3/24/2017 8:50,CORNER LAMP CU91137 LH,NULL
9ed00cd2-10a9-11e7-9c2e-d850e6bdf14c,NULL,3/24/2017 8:50,3/24/2017 8:50,CORNER LAMP CU91138 RH,NULL
9ede628c-10a9-11e7-9c2e-d850e6bdf14c,NULL,3/24/2017 8:50,3/24/2017 8:50,CORNER LAMP CU94073 LH,NULL
9eefbc76-10a9-11e7-9c2e-d850e6bdf14c,NULL,3/24/2017 8:50,3/24/2017 8:50,CORNER LAMP CU94074 RH,NULL
9effdf98-10a9-11e7-9c2e-d850e6bdf14c,NULL,3/24/2017 8:50,3/24/2017 8:50,CORNER LAMP F194095 LH,NULL
9f0d2f04-10a9-11e7-9c2e-d850e6bdf14c,NULL,3/24/2017 8:50,3/24/2017 8:50,CORNER LAMP F194096 RH,NULL
9f28e44c-10a9-11e7-9c2e-d850e6bdf14c,NULL,3/24/2017 8:50,3/24/2017 8:50,CORNER LAMP LH CU94073,NULL
9f381368-10a9-11e7-9c2e-d850e6bdf14c,NULL,3/24/2017 8:50,3/24/2017 8:50,CORNER LAMP LH FR-84076,NULL
9f4642c6-10a9-11e7-9c2e-d850e6bdf14c,NULL,3/24/2017 8:50,3/24/2017 8:50,CORNER LAMP RH CU94074,NULL
9f547f08-10a9-11e7-9c2e-d850e6bdf14c,NULL,3/24/2017 8:50,3/24/2017 8:50,CORNER LAMP RH FR84075,NULL
9f6144d6-10a9-11e7-9c2e-d850e6bdf14c,NULL,3/24/2017 8:50,3/24/2017 8:50,COVER FOR BOLT STAINLESS SM008-1 TAIWAN,NULL
9f6e2c5a-10a9-11e7-9c2e-d850e6bdf14c,NULL,3/24/2017 8:50,3/24/2017 8:50,DASHBOARD ACC.ONLY CE97,NULL
9f7ae67a-10a9-11e7-9c2e-d850e6bdf14c,NULL,3/24/2017 8:50,3/24/2017 8:50,DASHBOARD CE97 WOOD,NULL
9f8d355a-10a9-11e7-9c2e-d850e6bdf14c,NULL,3/24/2017 8:50,3/24/2017 8:50,DASHBOARD CT96,NULL
9f9a26f2-10a9-11e7-9c2e-d850e6bdf14c,NULL,3/24/2017 8:50,3/24/2017 8:50,DASHBOARD CT96 STD,NULL
9fa8c52c-10a9-11e7-9c2e-d850e6bdf14c,NULL,3/24/2017 8:50,3/24/2017 8:50,DASHBOARD CT96199 fuso,NULL
9fb9af5e-10a9-11e7-9c2e-d850e6bdf14c,NULL,3/24/2017 8:50,3/24/2017 8:50,DASHBOARD CT96199 STD,NULL
9fca07fa-10a9-11e7-9c2e-d850e6bdf14c,NULL,3/24/2017 8:50,3/24/2017 8:50,DASHBOARD CT96199 WIDE,NULL
9fddb908-10a9-11e7-9c2e-d850e6bdf14c,NULL,3/24/2017 8:50,3/24/2017 8:50,DASHBOARD CU91,NULL
9fedbfe2-10a9-11e7-9c2e-d850e6bdf14c,NULL,3/24/2017 8:50,3/24/2017 8:50,DASHBOARD CU94 WOOD TYPE,NULL
9ffab7b0-10a9-11e7-9c2e-d850e6bdf14c,NULL,3/24/2017 8:50,3/24/2017 8:50,DASHBOARD FR96 STD,NULL
a0074c8c-10a9-11e7-9c2e-d850e6bdf14c,NULL,3/24/2017 8:50,3/24/2017 8:50,DASHBOARD FR96 STD WOOD ,NULL
a01437f8-10a9-11e7-9c2e-d850e6bdf14c,NULL,3/24/2017 8:50,3/24/2017 8:50,DASHBOARD FR96 WIDE,NULL
a02111bc-10a9-11e7-9c2e-d850e6bdf14c,NULL,3/24/2017 8:50,3/24/2017 8:50,DASHBOARD FR96 WIDE WOOD ,NULL
a02df062-10a9-11e7-9c2e-d850e6bdf14c,NULL,3/24/2017 8:50,3/24/2017 8:50,DASHBOARD FUSO CT96 STD,NULL
a03c1da4-10a9-11e7-9c2e-d850e6bdf14c,NULL,3/24/2017 8:50,3/24/2017 8:50,DASHBOARD FUSO CT96199 STD,NULL
a049139c-10a9-11e7-9c2e-d850e6bdf14c,NULL,3/24/2017 8:50,3/24/2017 8:50,DASHBOARD FUSO GR97,NULL
a0585eec-10a9-11e7-9c2e-d850e6bdf14c,NULL,3/24/2017 8:50,3/24/2017 8:50,DASHBOARD GR97,NULL
a0653f18-10a9-11e7-9c2e-d850e6bdf14c,NULL,3/24/2017 8:50,3/24/2017 8:50,DASHBOARD ISUZU CE97 WOOD,NULL
a0721f80-10a9-11e7-9c2e-d850e6bdf14c,NULL,3/24/2017 8:50,3/24/2017 8:50,DASHBOARD ISUZU NR94 STD WOOD,NULL
a07ef958-10a9-11e7-9c2e-d850e6bdf14c,NULL,3/24/2017 8:50,3/24/2017 8:50,DASHBOARD ISUZU NR94 WIDE,NULL
a08d2258-10a9-11e7-9c2e-d850e6bdf14c,NULL,3/24/2017 8:50,3/24/2017 8:50,DASHBOARD ISUZU NR94 WIDE WOOD,NULL
a09bf18e-10a9-11e7-9c2e-d850e6bdf14c,NULL,3/24/2017 8:50,3/24/2017 8:50,DASHBOARD NKR85,NULL
a0a896c8-10a9-11e7-9c2e-d850e6bdf14c,NULL,3/24/2017 8:50,3/24/2017 8:50,DASHBOARD NR94 STD,NULL
a0b6e200-10a9-11e7-9c2e-d850e6bdf14c,NULL,3/24/2017 8:50,3/24/2017 8:50,DASHBOARD NR94 WIDE,NULL
a0c575ea-10a9-11e7-9c2e-d850e6bdf14c,NULL,3/24/2017 8:50,3/24/2017 8:50,DASHBOARD NR94 WIDE WOOD,NULL
a0d1ce6c-10a9-11e7-9c2e-d850e6bdf14c,NULL,3/24/2017 8:50,3/24/2017 8:50,DASHBOARD WOOD GR97  154,NULL
a0e335bc-10a9-11e7-9c2e-d850e6bdf14c,NULL,3/24/2017 8:50,3/24/2017 8:50,DASHBOARD WOOD PARTS GR97,NULL
a0f3a014-10a9-11e7-9c2e-d850e6bdf14c,NULL,3/24/2017 8:50,3/24/2017 8:50,DOOR ASSY  CE97  042 LH,NULL
a102e448-10a9-11e7-9c2e-d850e6bdf14c,NULL,3/24/2017 8:50,3/24/2017 8:50,DOOR ASSY CE97 041 RH,NULL
a1143d92-10a9-11e7-9c2e-d850e6bdf14c,NULL,3/24/2017 8:50,3/24/2017 8:50,DOOR ASSY CE97 LH,NULL
a125ccba-10a9-11e7-9c2e-d850e6bdf14c,NULL,3/24/2017 8:50,3/24/2017 8:50,DOOR ASSY CU91 LH,NULL
a1455f12-10a9-11e7-9c2e-d850e6bdf14c,NULL,3/24/2017 8:50,3/24/2017 8:50,DOOR ASSY CU91 RH,NULL
a156bd70-10a9-11e7-9c2e-d850e6bdf14c,NULL,3/24/2017 8:50,3/24/2017 8:50,DOOR ASSY NR85 LH,NULL
a163ea72-10a9-11e7-9c2e-d850e6bdf14c,NULL,3/24/2017 8:50,3/24/2017 8:50,DOOR ASSY NR85 RH,NULL
a170b86a-10a9-11e7-9c2e-d850e6bdf14c,NULL,3/24/2017 8:50,3/24/2017 8:50,DOOR GARNISH  MBL96-3106L,NULL
a181aa62-10a9-11e7-9c2e-d850e6bdf14c,NULL,3/24/2017 8:50,3/24/2017 8:50,DOOR GARNISH LOWER LH FR96030,NULL
a1920f92-10a9-11e7-9c2e-d850e6bdf14c,NULL,3/24/2017 8:50,3/24/2017 8:50,DOOR GARNISH LOWER RH FR96029,NULL
a19ef3ce-10a9-11e7-9c2e-d850e6bdf14c,NULL,3/24/2017 8:50,3/24/2017 8:50,DOOR GARNISH MBL96-310R,NULL
a1ac7f6c-10a9-11e7-9c2e-d850e6bdf14c,NULL,3/24/2017 8:50,3/24/2017 8:50,DOOR INSIDE  MOULDING NR85,NULL
a1bb222e-10a9-11e7-9c2e-d850e6bdf14c,NULL,3/24/2017 8:50,3/24/2017 8:50,DOOR INSIDE MOULDING  CT86038  RH,NULL
a1cbcbec-10a9-11e7-9c2e-d850e6bdf14c,NULL,3/24/2017 8:50,3/24/2017 8:50,DOOR INSIDE MOULDING CE97146 RH,NULL
a1d89192-10a9-11e7-9c2e-d850e6bdf14c,NULL,3/24/2017 8:50,3/24/2017 8:50,DOOR INSIDE MOULDING CE97147 LH,NULL
a1ddc1a6-10ab-11e7-9c2e-d850e6bdf14c,NULL,3/24/2017 9:04,3/24/2017 9:04,HOIST PUMP KPA1302B,CHINA 
a1e55ac6-10a9-11e7-9c2e-d850e6bdf14c,NULL,3/24/2017 8:50,3/24/2017 8:50,DOOR INSIDE MOULDING CT86037 LH,NULL
a1f25b22-10a9-11e7-9c2e-d850e6bdf14c,NULL,3/24/2017 8:50,3/24/2017 8:50,DOOR INSIDE MOULDING CT96037 LH,NULL
a1ff2cbc-10a9-11e7-9c2e-d850e6bdf14c,NULL,3/24/2017 8:50,3/24/2017 8:50,DOOR INSIDE MOULDING CT96038 RH,NULL
a20c0036-10a9-11e7-9c2e-d850e6bdf14c,NULL,3/24/2017 8:50,3/24/2017 8:50,DOOR INSIDE MOULDING NR85060/61 RH=LH,NULL
a21ce310-10a9-11e7-9c2e-d850e6bdf14c,NULL,3/24/2017 8:50,3/24/2017 8:50,DOOR INSIDE MOULDING NR85060/61 RH=LH 90CM,NULL
a229122a-10a9-11e7-9c2e-d850e6bdf14c,NULL,3/24/2017 8:50,3/24/2017 8:50,DOOR INSIDE MOULDING NR94089 RH,NULL
a23603d6-10a9-11e7-9c2e-d850e6bdf14c,NULL,3/24/2017 8:50,3/24/2017 8:50,DOOR INSIDE MOULDING NR94090 LH,NULL
a2444a2c-10a9-11e7-9c2e-d850e6bdf14c,NULL,3/24/2017 8:50,3/24/2017 8:50,DOOR INSIDE MOULDING NR94091 RH,NULL
a2530a4e-10a9-11e7-9c2e-d850e6bdf14c,NULL,3/24/2017 8:50,3/24/2017 8:50,DOOR MOULDING CE97148,NULL
a267ad50-10a9-11e7-9c2e-d850e6bdf14c,NULL,3/24/2017 8:50,3/24/2017 8:50,DOOR MOULDING CE97149,NULL
a2762f1a-10a9-11e7-9c2e-d850e6bdf14c,NULL,3/24/2017 8:50,3/24/2017 8:50,DOOR MOULDING CT96037,NULL
a282d0f8-10a9-11e7-9c2e-d850e6bdf14c,NULL,3/24/2017 8:50,3/24/2017 8:50,DOOR MOULDING CT96038,NULL
a28f6d4a-10a9-11e7-9c2e-d850e6bdf14c,NULL,3/24/2017 8:50,3/24/2017 8:50,DOOR MOULDING CT96039,NULL
a29c2134-10a9-11e7-9c2e-d850e6bdf14c,NULL,3/24/2017 8:50,3/24/2017 8:50,DOOR MOULDING CT96040,NULL
a2a8d83e-10a9-11e7-9c2e-d850e6bdf14c,NULL,3/24/2017 8:50,3/24/2017 8:50,DOOR OUTSIDE MOULDING CE97148 RH,NULL
a2b591c8-10a9-11e7-9c2e-d850e6bdf14c,NULL,3/24/2017 8:50,3/24/2017 8:50,DOOR OUTSIDE MOULDING CE97149 LH,NULL
a2c2783e-10a9-11e7-9c2e-d850e6bdf14c,NULL,3/24/2017 8:50,3/24/2017 8:50,DOOR OUTSIDE MOULDING CT86039 LH,NULL
a2ced6d8-10a9-11e7-9c2e-d850e6bdf14c,NULL,3/24/2017 8:50,3/24/2017 8:50,DOOR OUTSIDE MOULDING CT86040 RH,NULL
a2db8a7c-10a9-11e7-9c2e-d850e6bdf14c,NULL,3/24/2017 8:50,3/24/2017 8:50,DOOR OUTSIDE MOULDING CT96039 LH,NULL
a2e84cc6-10a9-11e7-9c2e-d850e6bdf14c,NULL,3/24/2017 8:50,3/24/2017 8:50,DOOR OUTSIDE MOULDING CT96040  RH,NULL
a2f4e8f0-10a9-11e7-9c2e-d850e6bdf14c,NULL,3/24/2017 8:50,3/24/2017 8:50,DOOR OUTSIDE MOULDING NR85,NULL
a30271c8-10a9-11e7-9c2e-d850e6bdf14c,NULL,3/24/2017 8:50,3/24/2017 8:50,DOOR OUTSIDE MOULDING NR85062/63,NULL
a30eed36-10a9-11e7-9c2e-d850e6bdf14c,NULL,3/24/2017 8:50,3/24/2017 8:50,DOOR OUTSIDE MOULDING NR85062/63 RH=LH,NULL
a31bac9c-10a9-11e7-9c2e-d850e6bdf14c,NULL,3/24/2017 8:50,3/24/2017 8:50,DOOR OUTSIDE MOULDING NR94091 RH,NULL
a32b00b6-10a9-11e7-9c2e-d850e6bdf14c,NULL,3/24/2017 8:50,3/24/2017 8:50,DOOR OUTSIDE MOULDING NR94092 LH,NULL
a3379bfa-10a9-11e7-9c2e-d850e6bdf14c,NULL,3/24/2017 8:50,3/24/2017 8:50,DOOR SHELL CE97 LH,NULL
a345a5a6-10a9-11e7-9c2e-d850e6bdf14c,NULL,3/24/2017 8:50,3/24/2017 8:50,DOOR SHELL CE97 RH,NULL
a3537c1c-10a9-11e7-9c2e-d850e6bdf14c,NULL,3/24/2017 8:50,3/24/2017 8:50,DOOR SHELL CT96 RH,NULL
a36353b2-10a9-11e7-9c2e-d850e6bdf14c,NULL,3/24/2017 8:50,3/24/2017 8:50,DOOR SHELL FR96 LH,NULL
a3728c92-10a9-11e7-9c2e-d850e6bdf14c,NULL,3/24/2017 8:50,3/24/2017 8:50,DOOR SHELL FR96 RH,NULL
a37f2e0c-10a9-11e7-9c2e-d850e6bdf14c,NULL,3/24/2017 8:50,3/24/2017 8:50,DOOR SHELL NR85 LH,NULL
a38bdefe-10a9-11e7-9c2e-d850e6bdf14c,NULL,3/24/2017 8:50,3/24/2017 8:50,DOOR SHELL NR85 RH,NULL
a39c4df2-10a9-11e7-9c2e-d850e6bdf14c,NULL,3/24/2017 8:50,3/24/2017 8:50,DOOR SHELL NR94 LH,NULL
a3a9c4fa-10a9-11e7-9c2e-d850e6bdf14c,NULL,3/24/2017 8:50,3/24/2017 8:50,DOOR SHELL NR94 RH,NULL
a3b66430-10a9-11e7-9c2e-d850e6bdf14c,NULL,3/24/2017 8:50,3/24/2017 8:50,DOOR TRIM  CT96026,NULL
a3c30258-10a9-11e7-9c2e-d850e6bdf14c,NULL,3/24/2017 8:50,3/24/2017 8:50,DOOR TRIM CT86031 LH,NULL
a3cfaf44-10a9-11e7-9c2e-d850e6bdf14c,NULL,3/24/2017 8:50,3/24/2017 8:50,DOOR TRIM CT86032 RH,NULL
a3dc7d3c-10a9-11e7-9c2e-d850e6bdf14c,NULL,3/24/2017 8:50,3/24/2017 8:50,DOOR TRIM CT96027,NULL
a3ea7ef0-10a9-11e7-9c2e-d850e6bdf14c,NULL,3/24/2017 8:50,3/24/2017 8:50,DOOR WEATHER STRIP CT86 ,NULL
a3f843b4-10a9-11e7-9c2e-d850e6bdf14c,NULL,3/24/2017 8:50,3/24/2017 8:50,DOOR WEATHERSTRIP CT96109,NULL
a404f1cc-10a9-11e7-9c2e-d850e6bdf14c,NULL,3/24/2017 8:50,3/24/2017 8:50,DOOR WEATHERSTRIP CU91159 LH,NULL
a414348e-10a9-11e7-9c2e-d850e6bdf14c,NULL,3/24/2017 8:50,3/24/2017 8:50,DOOR WEATHERSTRIP CU91160 RH,NULL
a420f05c-10a9-11e7-9c2e-d850e6bdf14c,NULL,3/24/2017 8:50,3/24/2017 8:50,DOOR WEATHERSTRIP FR84,NULL
a42da216-10a9-11e7-9c2e-d850e6bdf14c,NULL,3/24/2017 8:50,3/24/2017 8:50,DOOR WEATHERSTRIP FR96088 LH,NULL
a43bb1bc-10a9-11e7-9c2e-d850e6bdf14c,NULL,3/24/2017 8:50,3/24/2017 8:50,DOOR WEATHERSTRIP FR96089 RH,NULL
a4482b22-10a9-11e7-9c2e-d850e6bdf14c,NULL,3/24/2017 8:50,3/24/2017 8:50,DOOR WEATHERSTRIP FR96090 LH,NULL
a454de26-10a9-11e7-9c2e-d850e6bdf14c,NULL,3/24/2017 8:50,3/24/2017 8:50,DOOR WEATHERSTRIP FR96091 RH,NULL
a464c0fc-10a9-11e7-9c2e-d850e6bdf14c,NULL,3/24/2017 8:50,3/24/2017 8:50,DOOR WEATHERSTRIP NR94155,NULL
a4756b0a-10a9-11e7-9c2e-d850e6bdf14c,NULL,3/24/2017 8:50,3/24/2017 8:50,DOOR WEATHERSTRIP NR94156,NULL
a4848b3a-10a9-11e7-9c2e-d850e6bdf14c,NULL,3/24/2017 8:50,3/24/2017 8:50,DOOR WEATHERSTRIP NR94157 RH,NULL
a493918e-10a9-11e7-9c2e-d850e6bdf14c,NULL,3/24/2017 8:50,3/24/2017 8:50,DOOR WEATHERSTRIP NR94158 LH,NULL
a4a0d100-10a9-11e7-9c2e-d850e6bdf14c,NULL,3/24/2017 8:50,3/24/2017 8:50,DRAG LINK END 6D16,NULL
a4ada7cc-10a9-11e7-9c2e-d850e6bdf14c,NULL,3/24/2017 8:50,3/24/2017 8:50,DRAG LINK HEAD  91A,NULL
a4ba9f54-10a9-11e7-9c2e-d850e6bdf14c,NULL,3/24/2017 8:50,3/24/2017 8:50,DRAG LINK HEAD DW ,NULL
a4c855f4-10a9-11e7-9c2e-d850e6bdf14c,NULL,3/24/2017 8:50,3/24/2017 8:50,DRAG LINK NKR 10L,NULL
a4d5bfdc-10a9-11e7-9c2e-d850e6bdf14c,NULL,3/24/2017 8:50,3/24/2017 8:50,DRAG LINK NKR 10L ,NULL
a4e24c84-10a9-11e7-9c2e-d850e6bdf14c,NULL,3/24/2017 8:50,3/24/2017 8:50,DRAGLINK 8-97039-469-3 DL-166,NULL
a4eef7fe-10a9-11e7-9c2e-d850e6bdf14c,NULL,3/24/2017 8:50,3/24/2017 8:50,DROPSIDE HINGE 08133,NULL
a50006de-10a9-11e7-9c2e-d850e6bdf14c,NULL,3/24/2017 8:50,3/24/2017 8:50,DROPSIDE LOCK 08134,NULL
a510a228-10a9-11e7-9c2e-d850e6bdf14c,NULL,3/24/2017 8:50,3/24/2017 8:50,DROPSIDE LOCK 08134 2.85KG,NULL
a51dfe64-10a9-11e7-9c2e-d850e6bdf14c,NULL,3/24/2017 8:50,3/24/2017 8:50,EARLY WARNING DEVICE,NULL
a52d8014-10a9-11e7-9c2e-d850e6bdf14c,NULL,3/24/2017 8:50,3/24/2017 8:50,ENGINE SUPPORT ME062358 91A,NULL
a53a18f6-10a9-11e7-9c2e-d850e6bdf14c,NULL,3/24/2017 8:50,3/24/2017 8:50,"EXHAUST CONNECTOR  3-1/2"" STRAIGHT",NULL
a546c934-10a9-11e7-9c2e-d850e6bdf14c,NULL,3/24/2017 8:50,3/24/2017 8:50,FAN BLADE #224 ,NULL
a5537ad0-10a9-11e7-9c2e-d850e6bdf14c,NULL,3/24/2017 8:50,3/24/2017 8:50,FAN BLADE 1-13660-239-0 ISUZU 12PD1,NULL
a5600b92-10a9-11e7-9c2e-d850e6bdf14c,NULL,3/24/2017 8:50,3/24/2017 8:50,FAN BLADE 1-13660-289-0,NULL
a56d688c-10a9-11e7-9c2e-d850e6bdf14c,NULL,3/24/2017 8:50,3/24/2017 8:50,FAN BLADE 224,NULL
a57ab41a-10a9-11e7-9c2e-d850e6bdf14c,NULL,3/24/2017 8:50,3/24/2017 8:50,FAN BLADE 239-0 12PD1,NULL
a58768c2-10a9-11e7-9c2e-d850e6bdf14c,NULL,3/24/2017 8:50,3/24/2017 8:50,FAN BLADE 5-13662-012-0 me035139,NULL
a5941ffe-10a9-11e7-9c2e-d850e6bdf14c,NULL,3/24/2017 8:50,3/24/2017 8:50,FAN BLADE 5-13662-012-0/ME035139,NULL
a5a4c264-10a9-11e7-9c2e-d850e6bdf14c,NULL,3/24/2017 8:50,3/24/2017 8:50,FAN BLADE 662/490-2 4HF1/4BC2,NULL
a5b120fe-10a9-11e7-9c2e-d850e6bdf14c,NULL,3/24/2017 8:50,3/24/2017 8:50,FAN BLADE ME013370,NULL
a5be038c-10a9-11e7-9c2e-d850e6bdf14c,NULL,3/24/2017 8:50,3/24/2017 8:50,FAN BLADE ME013370 MIT 4D34T,NULL
a5ca1212-10a9-11e7-9c2e-d850e6bdf14c,NULL,3/24/2017 8:50,3/24/2017 8:50,FAN BLADE ME013493,NULL
a5d7e98c-10a9-11e7-9c2e-d850e6bdf14c,NULL,3/24/2017 8:50,3/24/2017 8:50,FAN BLADE ME055056 MIT 6D22A FP418,NULL
a5e4aa82-10a9-11e7-9c2e-d850e6bdf14c,NULL,3/24/2017 8:50,3/24/2017 8:50,FAN BLADE ME055319,NULL
a5f1564c-10a9-11e7-9c2e-d850e6bdf14c,NULL,3/24/2017 8:50,3/24/2017 8:50,FAN BLADE ME060129,NULL
a5fe20de-10a9-11e7-9c2e-d850e6bdf14c,NULL,3/24/2017 8:50,3/24/2017 8:50,FAN BLADE ME060129 8DC9,NULL
a60c123e-10a9-11e7-9c2e-d850e6bdf14c,NULL,3/24/2017 8:50,3/24/2017 8:50,FAN BLADE ME060129 MIT 8DC9,NULL
a60efeb2-10d2-11e7-9c2e-d850e6bdf14c,NULL,3/24/2017 13:44,3/24/2017 13:44,LEAFSPRING 278-1 EHD,CSS
a618a24c-10a9-11e7-9c2e-d850e6bdf14c,NULL,3/24/2017 8:50,3/24/2017 8:50,FAN BLADE ME065378,NULL
a6274da6-10a9-11e7-9c2e-d850e6bdf14c,NULL,3/24/2017 8:50,3/24/2017 8:50,FAN BLADE ME065378 8DC91-11,NULL
a633dfc6-10a9-11e7-9c2e-d850e6bdf14c,NULL,3/24/2017 8:50,3/24/2017 8:50,FAN BLADE ME299225,NULL
a640c330-10a9-11e7-9c2e-d850e6bdf14c,NULL,3/24/2017 8:50,3/24/2017 8:50,FENDER REAR (NEW) MBH84-811 F320 TAIWAN (mudguard),NULL
a64d6248-10a9-11e7-9c2e-d850e6bdf14c,NULL,3/24/2017 8:50,3/24/2017 8:50,FENDER RUBBER GR97032 RH,NULL
a65b19c4-10a9-11e7-9c2e-d850e6bdf14c,NULL,3/24/2017 8:50,3/24/2017 8:50,FILTER AIR  A-1502,NULL
a66a651e-10a9-11e7-9c2e-d850e6bdf14c,NULL,3/24/2017 8:50,3/24/2017 8:50,FILTER AIR A-1508,NULL
a67ced6a-10a9-11e7-9c2e-d850e6bdf14c,NULL,3/24/2017 8:50,3/24/2017 8:50,FILTER AIR A-6012,NULL
a68a7386-10a9-11e7-9c2e-d850e6bdf14c,NULL,3/24/2017 8:50,3/24/2017 8:50,FILTER C-1712,NULL
a696dc20-10a9-11e7-9c2e-d850e6bdf14c,NULL,3/24/2017 8:50,3/24/2017 8:50,FILTER OIL O-1503,NULL
a6a3965e-10a9-11e7-9c2e-d850e6bdf14c,NULL,3/24/2017 8:50,3/24/2017 8:50,FILTER OIL O-1514,NULL
a6b01438-10a9-11e7-9c2e-d850e6bdf14c,NULL,3/24/2017 8:50,3/24/2017 8:50,FLYWHEEL  258 10PC1,NULL
a6bcf216-10a9-11e7-9c2e-d850e6bdf14c,NULL,3/24/2017 8:50,3/24/2017 8:50,FLYWHEEL 10PC 1-12331-258 430MM 164T-8H-19MM,NULL
a6c9cb62-10a9-11e7-9c2e-d850e6bdf14c,NULL,3/24/2017 8:50,3/24/2017 8:50,FLYWHEEL 10PC1/PD 1-12331-258,NULL
a6d640ea-10a9-11e7-9c2e-d850e6bdf14c,NULL,3/24/2017 8:50,3/24/2017 8:50,FLYWHEEL 1-12330-400,NULL
a6e3369c-10a9-11e7-9c2e-d850e6bdf14c,NULL,3/24/2017 8:50,3/24/2017 8:50,FLYWHEEL 1-12330-400 6WA1,NULL
a6ef9f0e-10a9-11e7-9c2e-d850e6bdf14c,NULL,3/24/2017 8:50,3/24/2017 8:50,FLYWHEEL 1-12331-258,NULL
a6ffa8d6-10a9-11e7-9c2e-d850e6bdf14c,NULL,3/24/2017 8:50,3/24/2017 8:50,FLYWHEEL 1-12331-258  10PC1/10PD1,NULL
a70ff0ec-10a9-11e7-9c2e-d850e6bdf14c,NULL,3/24/2017 8:50,3/24/2017 8:50,FLYWHEEL 5-12330-148 4BE1,NULL
a72058ce-10a9-11e7-9c2e-d850e6bdf14c,NULL,3/24/2017 8:50,3/24/2017 8:50,FLYWHEEL 6WAI 1-12330-400,NULL
a73123ac-10a9-11e7-9c2e-d850e6bdf14c,NULL,3/24/2017 8:50,3/24/2017 8:50,FLYWHEEL 8DC9 HIGH ME062829,NULL
a744aef4-10a9-11e7-9c2e-d850e6bdf14c,NULL,3/24/2017 8:50,3/24/2017 8:50,FLYWHEEL ME052658  6d22 430X143TX8H X 17MM,NULL
a7540b4c-10a9-11e7-9c2e-d850e6bdf14c,NULL,3/24/2017 8:50,3/24/2017 8:50,FLYWHEEL ME052658 6D22,NULL
a760ea1a-10a9-11e7-9c2e-d850e6bdf14c,NULL,3/24/2017 8:50,3/24/2017 8:50,FLYWHEEL ME062829 8DC9 HIGH,NULL
a76d1dd0-10a9-11e7-9c2e-d850e6bdf14c,NULL,3/24/2017 8:50,3/24/2017 8:50,FLYWHEEL ME062829 8dc9 high 430MMX143TX8HX17MM ,NULL
a77a5608-10a9-11e7-9c2e-d850e6bdf14c,NULL,3/24/2017 8:50,3/24/2017 8:50,FOG LAMP CE97102 RH,NULL
a78b297e-10a9-11e7-9c2e-d850e6bdf14c,NULL,3/24/2017 8:50,3/24/2017 8:50,FOG LAMP CE97103  LH,NULL
a79b0e8e-10a9-11e7-9c2e-d850e6bdf14c,NULL,3/24/2017 8:50,3/24/2017 8:50,FOG LAMP NR85045 RH,NULL
a7a8e7ac-10a9-11e7-9c2e-d850e6bdf14c,NULL,3/24/2017 8:50,3/24/2017 8:50,FOG LAMP NR85046 LH,NULL
a7bac1de-10a9-11e7-9c2e-d850e6bdf14c,NULL,3/24/2017 8:50,3/24/2017 8:50,FOOT VALVE ASSY UNI.,NULL
a7c7d64e-10a9-11e7-9c2e-d850e6bdf14c,NULL,3/24/2017 8:50,3/24/2017 8:50,FRONT BUMPER NR94020 NKR & NHR W/O HOLE,NULL
a7d44a64-10a9-11e7-9c2e-d850e6bdf14c,NULL,3/24/2017 8:50,3/24/2017 8:50,FRONT CORNER PANEL CE98 LH,NULL
a7e1f632-10a9-11e7-9c2e-d850e6bdf14c,NULL,3/24/2017 8:50,3/24/2017 8:50,FRONT CORNER PANEL CE98 RH,NULL
a7efdb08-10a9-11e7-9c2e-d850e6bdf14c,NULL,3/24/2017 8:50,3/24/2017 8:50,FRONT CORNER PANELCE84029A RH,NULL
a7fcd632-10a9-11e7-9c2e-d850e6bdf14c,NULL,3/24/2017 8:50,3/24/2017 8:50,FRONT CORNER PANELCE84030A LH,NULL
a80cafee-10a9-11e7-9c2e-d850e6bdf14c,NULL,3/24/2017 8:50,3/24/2017 8:50,FRONT GRILLE  NR91 NKR87,NULL
a81966da-10a9-11e7-9c2e-d850e6bdf14c,NULL,3/24/2017 8:50,3/24/2017 8:50,FRONT PANEL 99 YEAR FR96003,NULL
a8266f56-10a9-11e7-9c2e-d850e6bdf14c,NULL,3/24/2017 8:50,3/24/2017 8:50,FRONT PANEL CE02001,NULL
a8337228-10a9-11e7-9c2e-d850e6bdf14c,NULL,3/24/2017 8:50,3/24/2017 8:50,FRONT PANEL CE97,NULL
a83fe706-10a9-11e7-9c2e-d850e6bdf14c,NULL,3/24/2017 8:50,3/24/2017 8:50,FRONT PANEL CE98,NULL
a84d3dd4-10a9-11e7-9c2e-d850e6bdf14c,NULL,3/24/2017 8:50,3/24/2017 8:50,FRONT PANEL GR97057,NULL
a859bf28-10a9-11e7-9c2e-d850e6bdf14c,NULL,3/24/2017 8:50,3/24/2017 8:50,FRONT PANEL MBCU91067 F320-86 TAIWAN,NULL
a8680e20-10a9-11e7-9c2e-d850e6bdf14c,NULL,3/24/2017 8:50,3/24/2017 8:50,FRONT PANEL MBH84-120 F320-86 TAIWAN,NULL
a8798ae2-10a9-11e7-9c2e-d850e6bdf14c,NULL,3/24/2017 8:50,3/24/2017 8:50,FRONT PANELCE02001,NULL
a889e464-10a9-11e7-9c2e-d850e6bdf14c,NULL,3/24/2017 8:50,3/24/2017 8:50,FRONTBUMPER NR94021 NKR & NHR 168CM/WITH HOLE,NULL
a89a55d8-10a9-11e7-9c2e-d850e6bdf14c,NULL,3/24/2017 8:50,3/24/2017 8:50,GRILLE 7.9T WHITE 1985 NPR-91 TAIWAN,NULL
a8ab712e-10a9-11e7-9c2e-d850e6bdf14c,NULL,3/24/2017 8:50,3/24/2017 8:50,GRILLE CE02002A,NULL
a8bc0bba-10a9-11e7-9c2e-d850e6bdf14c,NULL,3/24/2017 8:50,3/24/2017 8:50,GRILLE CE02002A  CHROME,NULL
a8c95db0-10a9-11e7-9c2e-d850e6bdf14c,NULL,3/24/2017 8:50,3/24/2017 8:50,GRILLE CE02002A CHROME ,NULL
a8db6ca8-10a9-11e7-9c2e-d850e6bdf14c,NULL,3/24/2017 8:50,3/24/2017 8:50,GRILLE CE02002B,NULL
a8e99328-10a9-11e7-9c2e-d850e6bdf14c,NULL,3/24/2017 8:50,3/24/2017 8:50,GRILLE CENTER NKR W/SIDE GRILL NR85008 NKR & NHR 3.5T,NULL
a8f910dc-10a9-11e7-9c2e-d850e6bdf14c,NULL,3/24/2017 8:50,3/24/2017 8:50,GRILLE CT96063 wide 198cm  6holes w lens,NULL
a90605b2-10a9-11e7-9c2e-d850e6bdf14c,NULL,3/24/2017 8:50,3/24/2017 8:50,GRILLE CT96065 CT96064 117CM 4HOLES,NULL
a91254c0-10a9-11e7-9c2e-d850e6bdf14c,NULL,3/24/2017 8:50,3/24/2017 8:50,GRILLE CU91001-A,NULL
a920647a-10a9-11e7-9c2e-d850e6bdf14c,NULL,3/24/2017 8:50,3/24/2017 8:50,GRILLE CU91001B,NULL
a92d9b40-10a9-11e7-9c2e-d850e6bdf14c,NULL,3/24/2017 8:50,3/24/2017 8:50,GRILLE CU94001A,NULL
a93a903e-10a9-11e7-9c2e-d850e6bdf14c,NULL,3/24/2017 8:50,3/24/2017 8:50,GRILLE CU94001A CHROME,NULL
a9471ee4-10a9-11e7-9c2e-d850e6bdf14c,NULL,3/24/2017 8:50,3/24/2017 8:50,GRILLE CU94001B,NULL
a95451b8-10a9-11e7-9c2e-d850e6bdf14c,NULL,3/24/2017 8:50,3/24/2017 8:50,GRILLE GR97002,NULL
a960ee0a-10a9-11e7-9c2e-d850e6bdf14c,NULL,3/24/2017 8:50,3/24/2017 8:50,GRILLE GR97002A,NULL
a9739af0-10a9-11e7-9c2e-d850e6bdf14c,NULL,3/24/2017 8:50,3/24/2017 8:50,GRILLE GR97002A CHROME ,NULL
a9848928-10a9-11e7-9c2e-d850e6bdf14c,NULL,3/24/2017 8:50,3/24/2017 8:50,GRILLE GR97002B PAINTED,NULL
a997407c-10a9-11e7-9c2e-d850e6bdf14c,NULL,3/24/2017 8:50,3/24/2017 8:50,GRILLE MBL85-131 FB300-91 3.5T SILVER TAIWAN,NULL
a9ab860e-10a9-11e7-9c2e-d850e6bdf14c,NULL,3/24/2017 8:50,3/24/2017 8:50,GRILLE UPPER NM 6-1,NULL
a9bc7c7a-10a9-11e7-9c2e-d850e6bdf14c,NULL,3/24/2017 8:50,3/24/2017 8:50,HANDBRAKE 4JB1,NULL
a9cb4084-10a9-11e7-9c2e-d850e6bdf14c,NULL,3/24/2017 8:50,3/24/2017 8:50,HANDBRAKE ASSY FE,NULL
a9d96920-10a9-11e7-9c2e-d850e6bdf14c,NULL,3/24/2017 8:50,3/24/2017 8:50,HEADLAMP  213-1111 LH,NULL
a9e74fc2-10a9-11e7-9c2e-d850e6bdf14c,NULL,3/24/2017 8:50,3/24/2017 8:50,HEADLAMP 213-1111 RH,NULL
a9f6e2d4-10a9-11e7-9c2e-d850e6bdf14c,NULL,3/24/2017 8:50,3/24/2017 8:50,HEADLAMP BRACKET CE97A LH,NULL
aa09f8d8-10a9-11e7-9c2e-d850e6bdf14c,NULL,3/24/2017 8:50,3/24/2017 8:50,HEADLAMP BRACKET CE97A RH,NULL
aa25c2fc-10a9-11e7-9c2e-d850e6bdf14c,NULL,3/24/2017 8:50,3/24/2017 8:50,HEADLAMP BRACKET CE97B LH,NULL
aa377420-10a9-11e7-9c2e-d850e6bdf14c,NULL,3/24/2017 8:50,3/24/2017 8:50,HEADLAMP BRACKET CE97B RH,NULL
aa4b1c6e-10a9-11e7-9c2e-d850e6bdf14c,NULL,3/24/2017 8:50,3/24/2017 8:50,HEADLAMP BRACKET CE97C LH,NULL
aa5ed04c-10a9-11e7-9c2e-d850e6bdf14c,NULL,3/24/2017 8:50,3/24/2017 8:50,HEADLAMP BRACKET CE97C RH,NULL
aa6f17c2-10a9-11e7-9c2e-d850e6bdf14c,NULL,3/24/2017 8:50,3/24/2017 8:50,HEADLAMP CE97090 RH,NULL
aa7d6ea8-10a9-11e7-9c2e-d850e6bdf14c,NULL,3/24/2017 8:50,3/24/2017 8:50,HEADLAMP CE97091 LH,NULL
aa8a5f46-10a9-11e7-9c2e-d850e6bdf14c,NULL,3/24/2017 8:50,3/24/2017 8:50,HEADLAMP CT96 LH PROJECTOR ,NULL
aa972ed8-10a9-11e7-9c2e-d850e6bdf14c,NULL,3/24/2017 8:50,3/24/2017 8:50,HEADLAMP CT96 RH PROJECTOR ,NULL
aaa472be-10a9-11e7-9c2e-d850e6bdf14c,NULL,3/24/2017 8:50,3/24/2017 8:50,HEADLAMP CU94071 LH,NULL
aab30af4-10a9-11e7-9c2e-d850e6bdf14c,NULL,3/24/2017 8:50,3/24/2017 8:50,HEADLAMP CU94072 RH,NULL
aac02a68-10a9-11e7-9c2e-d850e6bdf14c,NULL,3/24/2017 8:50,3/24/2017 8:50,HEADLAMP FUSO CU94071 LH,NULL
aace0034-10a9-11e7-9c2e-d850e6bdf14c,NULL,3/24/2017 8:50,3/24/2017 8:50,HEADLAMP FUSO CU94072 RH,NULL
aadb3182-10a9-11e7-9c2e-d850e6bdf14c,NULL,3/24/2017 8:50,3/24/2017 8:50,HEADLAMP GARNISH CU94004,NULL
aae7b7f4-10a9-11e7-9c2e-d850e6bdf14c,NULL,3/24/2017 8:50,3/24/2017 8:50,HEADLAMP GARNISH CU94005,NULL
aaf530be-10a9-11e7-9c2e-d850e6bdf14c,NULL,3/24/2017 8:50,3/24/2017 8:50,HEADLAMP GARNISH LOWER NR94019 RH,NULL
ab042a38-10a9-11e7-9c2e-d850e6bdf14c,NULL,3/24/2017 8:50,3/24/2017 8:50,HEADLAMP GARNISH NR94018 LH,NULL
ab112cba-10a9-11e7-9c2e-d850e6bdf14c,NULL,3/24/2017 8:50,3/24/2017 8:50,HEADLAMP GR97133 LH,NULL
ab218a2e-10a9-11e7-9c2e-d850e6bdf14c,NULL,3/24/2017 8:50,3/24/2017 8:50,HEADLAMP GR97134 RH,NULL
ab2ee548-10a9-11e7-9c2e-d850e6bdf14c,NULL,3/24/2017 8:50,3/24/2017 8:50,HEADLAMP LH GR97133,NULL
ab3d3274-10a9-11e7-9c2e-d850e6bdf14c,NULL,3/24/2017 8:50,3/24/2017 8:50,HEADLAMP RH GR97134,NULL
ab4daf82-10a9-11e7-9c2e-d850e6bdf14c,NULL,3/24/2017 8:50,3/24/2017 8:50,HEADLIGHT CASE CE91014A LH,NULL
ab5e5652-10a9-11e7-9c2e-d850e6bdf14c,NULL,3/24/2017 8:50,3/24/2017 8:50,HEADLIGHT CASE CE91015A RH,NULL
ab6af4fc-10a9-11e7-9c2e-d850e6bdf14c,NULL,3/24/2017 8:50,3/24/2017 8:50,HOIST PUMP KP-1403A,NULL
ab77c682-10a9-11e7-9c2e-d850e6bdf14c,NULL,3/24/2017 8:50,3/24/2017 8:50,HOIST PUMP KPA-1302B,NULL
ab850e14-10a9-11e7-9c2e-d850e6bdf14c,NULL,3/24/2017 8:50,3/24/2017 8:50,HUB BOLT NUT FB LH ,NULL
ab92ebf6-10a9-11e7-9c2e-d850e6bdf14c,NULL,3/24/2017 8:50,3/24/2017 8:50,HUB BOLT NUT FB RH,NULL
aba0d3f6-10a9-11e7-9c2e-d850e6bdf14c,NULL,3/24/2017 8:50,3/24/2017 8:50,HUB BOLT NUT LH,NULL
abadcb4c-10a9-11e7-9c2e-d850e6bdf14c,NULL,3/24/2017 8:50,3/24/2017 8:50,HYDROVAC PACKING D5/D7,NULL
abba74f0-10a9-11e7-9c2e-d850e6bdf14c,NULL,3/24/2017 8:50,3/24/2017 8:50,INHALE PILE LOWER,NULL
abc7a526-10a9-11e7-9c2e-d850e6bdf14c,NULL,3/24/2017 8:50,3/24/2017 8:50,KING PIN KIT KP-512,NULL
abd417e8-10a9-11e7-9c2e-d850e6bdf14c,NULL,3/24/2017 8:50,3/24/2017 8:50,KNUCKLE ARM FE CANTER,NULL
abe1b704-10a9-11e7-9c2e-d850e6bdf14c,NULL,3/24/2017 8:50,3/24/2017 8:50,LADDER 2 SECTION COMB. 1.2MM MD-840-10,NULL
abf2a032-10a9-11e7-9c2e-d850e6bdf14c,NULL,3/24/2017 8:50,3/24/2017 8:50,LADDER FOLDING ALUMINUM 1.0MM MD-805-6,NULL
ac058850-10a9-11e7-9c2e-d850e6bdf14c,NULL,3/24/2017 8:50,3/24/2017 8:50,LAMP FRONT NR94062  RH,NULL
ac12c61e-10a9-11e7-9c2e-d850e6bdf14c,NULL,3/24/2017 8:50,3/24/2017 8:50,LAMP FRONT NR94063  LH,NULL
ac244bd2-10a9-11e7-9c2e-d850e6bdf14c,NULL,3/24/2017 8:50,3/24/2017 8:50,LANDING GEAR 28T,NULL
ac329bb0-10a9-11e7-9c2e-d850e6bdf14c,NULL,3/24/2017 8:50,3/24/2017 8:50,leafspring 0180-1  W/GRIND CSS,NULL
ac416a0a-10a9-11e7-9c2e-d850e6bdf14c,NULL,3/24/2017 8:50,3/24/2017 8:50,leafspring 0180-1 W/O GRIND CSS,NULL
ac4e9acc-10a9-11e7-9c2e-d850e6bdf14c,NULL,3/24/2017 8:50,3/24/2017 8:50,leafspring 0180-A10-C,NULL
ac5b030c-10a9-11e7-9c2e-d850e6bdf14c,NULL,3/24/2017 8:50,3/24/2017 8:50,leafspring 0180-A10-CSS (SETS),NULL
ac67f008-10a9-11e7-9c2e-d850e6bdf14c,NULL,3/24/2017 8:50,3/24/2017 8:50,leafspring 7060-3  rr spm/spz,NULL
ac753a7e-10a9-11e7-9c2e-d850e6bdf14c,NULL,3/24/2017 8:50,3/24/2017 8:50,leafspring fv415-f-5 w clip,NULL
ac81a7aa-10a9-11e7-9c2e-d850e6bdf14c,NULL,3/24/2017 8:50,3/24/2017 8:50,leafspring fv415-f-6,NULL
ac8ed254-10a9-11e7-9c2e-d850e6bdf14c,NULL,3/24/2017 8:50,3/24/2017 8:50,LEAFSPRING PIN 51161-004-1,NULL
ac9ccd6e-10a9-11e7-9c2e-d850e6bdf14c,NULL,3/24/2017 8:50,3/24/2017 8:50,LEAFSPRING PIN 51161-012,NULL
acaaf3f8-10a9-11e7-9c2e-d850e6bdf14c,NULL,3/24/2017 8:50,3/24/2017 8:50,LEAFSPRING PIN 8-94222-174-3,NULL
acb81344-10a9-11e7-9c2e-d850e6bdf14c,NULL,3/24/2017 8:50,3/24/2017 8:50,LEAFSPRING PIN 9-51161-011-0,NULL
acc4f5d2-10a9-11e7-9c2e-d850e6bdf14c,NULL,3/24/2017 8:50,3/24/2017 8:50,LEAFSPRING PIN 9-51161-014,NULL
acd1c370-10a9-11e7-9c2e-d850e6bdf14c,NULL,3/24/2017 8:50,3/24/2017 8:50,LEAFSPRING PIN 9-51161-018-1,NULL
acdeda06-10a9-11e7-9c2e-d850e6bdf14c,NULL,3/24/2017 8:50,3/24/2017 8:50,LEAFSPRING PIN 9-51161-045,NULL
acee1642-10a9-11e7-9c2e-d850e6bdf14c,NULL,3/24/2017 8:50,3/24/2017 8:50,LEAFSPRING PIN 9-51361-034-1,NULL
acfd7b78-10a9-11e7-9c2e-d850e6bdf14c,NULL,3/24/2017 8:50,3/24/2017 8:50,LEAFSPRING PIN 9-51361-066-0,NULL
ad0aa2f8-10a9-11e7-9c2e-d850e6bdf14c,NULL,3/24/2017 8:50,3/24/2017 8:50,LEAFSPRING PIN MB035277,NULL
ad187ec8-10a9-11e7-9c2e-d850e6bdf14c,NULL,3/24/2017 8:50,3/24/2017 8:50,LEAFSPRING PIN MB035281,NULL
ad259086-10a9-11e7-9c2e-d850e6bdf14c,NULL,3/24/2017 8:50,3/24/2017 8:50,LEAFSPRING PIN MC362016,NULL
ad33b54e-10a9-11e7-9c2e-d850e6bdf14c,NULL,3/24/2017 8:50,3/24/2017 8:50,LEAFSPRING PIN MC362017,NULL
ad41b0c2-10a9-11e7-9c2e-d850e6bdf14c,NULL,3/24/2017 8:51,3/24/2017 8:51,LEAFSPRING PIN MC403611,NULL
ad4ec492-10a9-11e7-9c2e-d850e6bdf14c,NULL,3/24/2017 8:51,3/24/2017 8:51,LEAFSPRING PIN MC404134,NULL
ad5ad9c6-10a9-11e7-9c2e-d850e6bdf14c,NULL,3/24/2017 8:51,3/24/2017 8:51,LEAFSPRING PIN MC413533,NULL
ad6b7b6e-10a9-11e7-9c2e-d850e6bdf14c,NULL,3/24/2017 8:51,3/24/2017 8:51,"LIGHT CASE LH IZCE84014 EXR-87"" TAIWAN",NULL
ad8168f2-10a9-11e7-9c2e-d850e6bdf14c,NULL,3/24/2017 8:51,3/24/2017 8:51,"LIGHT CASE RH IZCE84015 EXR-87"" TAIWAN",NULL
ad91c922-10a9-11e7-9c2e-d850e6bdf14c,NULL,3/24/2017 8:51,3/24/2017 8:51,MIRROR ARM ISUZU NR05021 RH,NULL
ada19550-10a9-11e7-9c2e-d850e6bdf14c,NULL,3/24/2017 8:51,3/24/2017 8:51,MIRROR ARM ISUZU NR05022 LH,NULL
adaf7e72-10a9-11e7-9c2e-d850e6bdf14c,NULL,3/24/2017 8:51,3/24/2017 8:51,MIRROR ARM LH MBCT86098 FE444 TW,NULL
adc35960-10a9-11e7-9c2e-d850e6bdf14c,NULL,3/24/2017 8:51,3/24/2017 8:51,MIRROR CE84 BUMPER SL-1676 250MM,NULL
add1ca68-10a9-11e7-9c2e-d850e6bdf14c,NULL,3/24/2017 8:51,3/24/2017 8:51,MIRROR CE84 DRIVER SL-1673,NULL
ade12828-10a9-11e7-9c2e-d850e6bdf14c,NULL,3/24/2017 8:51,3/24/2017 8:51,MIRROR CE84 DRIVER SL-1673 325X178MM,NULL
adf2490a-10a9-11e7-9c2e-d850e6bdf14c,NULL,3/24/2017 8:51,3/24/2017 8:51,MIRROR CE84 GUTTER SMALL SL-769 230X235MM,NULL
ae025156-10a9-11e7-9c2e-d850e6bdf14c,NULL,3/24/2017 8:51,3/24/2017 8:51,MIRROR CE84 RIGHT SL-1672,NULL
ae0f67a6-10a9-11e7-9c2e-d850e6bdf14c,NULL,3/24/2017 8:51,3/24/2017 8:51,MIRROR CE97 GUTTER SL-1689 240X240MM,NULL
ae1bb2b8-10a9-11e7-9c2e-d850e6bdf14c,NULL,3/24/2017 8:51,3/24/2017 8:51,MIRROR CE97 LEFT SL-1685 180X330MM,NULL
ae2a03b8-10a9-11e7-9c2e-d850e6bdf14c,NULL,3/24/2017 8:51,3/24/2017 8:51,MIRROR CE97 RIGHT SL-1687 305X225MM,NULL
ae392eec-10a9-11e7-9c2e-d850e6bdf14c,NULL,3/24/2017 8:51,3/24/2017 8:51,MIRROR CT85 BUMPER SL-1766 148MM,NULL
ae471a48-10a9-11e7-9c2e-d850e6bdf14c,NULL,3/24/2017 8:51,3/24/2017 8:51,MIRROR CT96 SL-1657,NULL
ae53eda4-10a9-11e7-9c2e-d850e6bdf14c,NULL,3/24/2017 8:51,3/24/2017 8:51,MIRROR FU91 BUMPER SL-1771,NULL
ae6254b6-10a9-11e7-9c2e-d850e6bdf14c,NULL,3/24/2017 8:51,3/24/2017 8:51,MIRROR FU91 DRIVER LEFT SL-1620,NULL
ae705502-10a9-11e7-9c2e-d850e6bdf14c,NULL,3/24/2017 8:51,3/24/2017 8:51,MIRROR FU91 DRIVER LEFT SL-1620 320X175MM,NULL
ae7e1a7a-10a9-11e7-9c2e-d850e6bdf14c,NULL,3/24/2017 8:51,3/24/2017 8:51,MIRROR FU91 GUTTER SL-1663,NULL
ae90733c-10a9-11e7-9c2e-d850e6bdf14c,NULL,3/24/2017 8:51,3/24/2017 8:51,MIRROR FU91 GUTTER SL-1663 210X230MM,NULL
aea2890a-10a9-11e7-9c2e-d850e6bdf14c,NULL,3/24/2017 8:51,3/24/2017 8:51,MIRROR FU91 RIGHT SL-1662,NULL
aeafde20-10a9-11e7-9c2e-d850e6bdf14c,NULL,3/24/2017 8:51,3/24/2017 8:51,MIRROR FU91 RIGHT SL-1662 325X238MM,NULL
aebccd10-10a9-11e7-9c2e-d850e6bdf14c,NULL,3/24/2017 8:51,3/24/2017 8:51,MIRROR NKR85 R=L SL-1652 257X168MM,NULL
aecadab8-10a9-11e7-9c2e-d850e6bdf14c,NULL,3/24/2017 8:51,3/24/2017 8:51,MIRROR NKR94 BUMPER SMALL SL-1776,NULL
aed6b1da-10a9-11e7-9c2e-d850e6bdf14c,NULL,3/24/2017 8:51,3/24/2017 8:51,MIRROR NKR94 SMALL SL-1690 265X170MM,NULL
aee3c4d8-10a9-11e7-9c2e-d850e6bdf14c,NULL,3/24/2017 8:51,3/24/2017 8:51,MIRROR NPR94 BUMPER BIG SL-630,NULL
aef03d58-10a9-11e7-9c2e-d850e6bdf14c,NULL,3/24/2017 8:51,3/24/2017 8:51,MIRROR NR94 BIG SL-1691 320X193MM,NULL
aefd1fe6-10a9-11e7-9c2e-d850e6bdf14c,NULL,3/24/2017 8:51,3/24/2017 8:51,MIXER PCM 8-H,NULL
af0999e2-10a9-11e7-9c2e-d850e6bdf14c,NULL,3/24/2017 8:51,3/24/2017 8:51,MOP BUCKET,NULL
af167f4a-10a9-11e7-9c2e-d850e6bdf14c,NULL,3/24/2017 8:51,3/24/2017 8:51,MOP HANDLE,NULL
af25899a-10a9-11e7-9c2e-d850e6bdf14c,NULL,3/24/2017 8:51,3/24/2017 8:51,MUDGUARD,NULL
af348058-10a9-11e7-9c2e-d850e6bdf14c,NULL,3/24/2017 8:51,3/24/2017 8:51,MUDGUARD BRACKET,NULL
af41b534-10a9-11e7-9c2e-d850e6bdf14c,NULL,3/24/2017 8:51,3/24/2017 8:51,MUDGUARD BRACKET 1270X620X680MM,NULL
af4e07da-10a9-11e7-9c2e-d850e6bdf14c,NULL,3/24/2017 8:51,3/24/2017 8:51,MUDGUARD china,NULL
af5d4556-10a9-11e7-9c2e-d850e6bdf14c,NULL,3/24/2017 8:51,3/24/2017 8:51,MUDGUARD MX-288A 1270X620X680MM,NULL
af6b58c6-10a9-11e7-9c2e-d850e6bdf14c,NULL,3/24/2017 8:51,3/24/2017 8:51,MUDGUARD NR94046 RH,NULL
af79ca28-10a9-11e7-9c2e-d850e6bdf14c,NULL,3/24/2017 8:51,3/24/2017 8:51,MUDGUARD NR94047 LH,NULL
af86abee-10a9-11e7-9c2e-d850e6bdf14c,NULL,3/24/2017 8:51,3/24/2017 8:51,MUDGUARD PANEL  MBH84-545 F320 TAIWAN,NULL
af93621c-10a9-11e7-9c2e-d850e6bdf14c,NULL,3/24/2017 8:51,3/24/2017 8:51,MUDGUARD PANEL MBCU91120,NULL
af9fcd04-10a9-11e7-9c2e-d850e6bdf14c,NULL,3/24/2017 8:51,3/24/2017 8:51,OIL FILTER C-1327,NULL
afac70ae-10a9-11e7-9c2e-d850e6bdf14c,NULL,3/24/2017 8:51,3/24/2017 8:51,OIL FILTER C-1504,NULL
afb927ea-10a9-11e7-9c2e-d850e6bdf14c,NULL,3/24/2017 8:51,3/24/2017 8:51,OIL FILTER C-2810,NULL
afc63110-10a9-11e7-9c2e-d850e6bdf14c,NULL,3/24/2017 8:51,3/24/2017 8:51,OIL FILTER C-5816,NULL
afd2d8b6-10a9-11e7-9c2e-d850e6bdf14c,NULL,3/24/2017 8:51,3/24/2017 8:51,OIL FILTER O-1526,NULL
afe4b90a-10a9-11e7-9c2e-d850e6bdf14c,NULL,3/24/2017 8:51,3/24/2017 8:51,OIL SEAL 711-005 ,NULL
aff51eb2-10a9-11e7-9c2e-d850e6bdf14c,NULL,3/24/2017 8:51,3/24/2017 8:51,PAINT MIXER,NULL
b00222a6-10a9-11e7-9c2e-d850e6bdf14c,NULL,3/24/2017 8:51,3/24/2017 8:51,PANEL CORNER CE02003A RH,NULL
b00e6e26-10a9-11e7-9c2e-d850e6bdf14c,NULL,3/24/2017 8:51,3/24/2017 8:51,PANEL CORNER CE02004A LH,NULL
b01b9132-10a9-11e7-9c2e-d850e6bdf14c,NULL,3/24/2017 8:51,3/24/2017 8:51,PANEL CORNER CE98A LH VENT TYPE,NULL
b027f2e2-10a9-11e7-9c2e-d850e6bdf14c,NULL,3/24/2017 8:51,3/24/2017 8:51,PANEL CORNER CE98A RH VENT TYPE,NULL
b036d78a-10a9-11e7-9c2e-d850e6bdf14c,NULL,3/24/2017 8:51,3/24/2017 8:51,PANEL CORNER LH CE02004A ,NULL
b043f06e-10a9-11e7-9c2e-d850e6bdf14c,NULL,3/24/2017 8:51,3/24/2017 8:51,PANEL CORNER RH CE02003A,NULL
b0506cae-10a9-11e7-9c2e-d850e6bdf14c,NULL,3/24/2017 8:51,3/24/2017 8:51,PINION RING GEAR  1-41210-293-1 6x43 FR,NULL
b05d6e36-10a9-11e7-9c2e-d850e6bdf14c,NULL,3/24/2017 8:51,3/24/2017 8:51,PINION RING GEAR  1-41210-294-1 6x43  RR,NULL
b06eaed0-10a9-11e7-9c2e-d850e6bdf14c,NULL,3/24/2017 8:51,3/24/2017 8:51,PINION RING GEAR  1-41210-294-1 6x43 RR,NULL
b07ba9be-10a9-11e7-9c2e-d850e6bdf14c,NULL,3/24/2017 8:51,3/24/2017 8:51,PINION RING GEAR  1-41210-322 8X41 S/D,NULL
b08831a2-10a9-11e7-9c2e-d850e6bdf14c,NULL,3/24/2017 8:51,3/24/2017 8:51,PINION RING GEAR  1-41210-460-0(311-1) 6X45 RR,NULL
b0965728-10a9-11e7-9c2e-d850e6bdf14c,NULL,3/24/2017 8:51,3/24/2017 8:51,PINION RING GEAR  1-41210-462 REAR 6X41 ,NULL
b0a2c85a-10a9-11e7-9c2e-d850e6bdf14c,NULL,3/24/2017 8:51,3/24/2017 8:51,PINION RING GEAR  1-41210-462-0 6x41 RR,NULL
b0b0c004-10a9-11e7-9c2e-d850e6bdf14c,NULL,3/24/2017 8:51,3/24/2017 8:51,PINION RING GEAR  1-41210-478-1 8X39 FRT,NULL
b0beb7e0-10a9-11e7-9c2e-d850e6bdf14c,NULL,3/24/2017 8:51,3/24/2017 8:51,PINION RING GEAR  200-210 6x45 frt/rr,NULL
b0cb9bae-10a9-11e7-9c2e-d850e6bdf14c,NULL,3/24/2017 8:51,3/24/2017 8:51,PINION RING GEAR  MC411419 6X43 RR,NULL
b0d80bdc-10a9-11e7-9c2e-d850e6bdf14c,NULL,3/24/2017 8:51,3/24/2017 8:51,PINION RING GEAR  MC804124 6X40 FR,NULL
b0e4f1c6-10a9-11e7-9c2e-d850e6bdf14c,NULL,3/24/2017 8:51,3/24/2017 8:51,PINION RING GEAR 1-2020-90040/33400 6X41 RR,NULL
b0f19e26-10a9-11e7-9c2e-d850e6bdf14c,NULL,3/24/2017 8:51,3/24/2017 8:51,PINION RING GEAR 1-41210-039-0 6X45 RR,NULL
b0fede42-10a9-11e7-9c2e-d850e6bdf14c,NULL,3/24/2017 8:51,3/24/2017 8:51,PINION RING GEAR 1-41210-055-0/322-8 6X40 S/D,NULL
b10f1af0-10a9-11e7-9c2e-d850e6bdf14c,NULL,3/24/2017 8:51,3/24/2017 8:51,PINION RING GEAR 1-41210-184-0 6x45 FR ,NULL
b11c70f6-10a9-11e7-9c2e-d850e6bdf14c,NULL,3/24/2017 8:51,3/24/2017 8:51,PINION RING GEAR 1-41210-274-0  7x45  RR/RR,NULL
b12982dc-10a9-11e7-9c2e-d850e6bdf14c,NULL,3/24/2017 8:51,3/24/2017 8:51,PINION RING GEAR 1-41210-293-1 6X43 FR,NULL
b135cb8c-10a9-11e7-9c2e-d850e6bdf14c,NULL,3/24/2017 8:51,3/24/2017 8:51,PINION RING GEAR 1-41210-294-1 6X43 RR,NULL
b142c29c-10a9-11e7-9c2e-d850e6bdf14c,NULL,3/24/2017 8:51,3/24/2017 8:51,PINION RING GEAR 1-41210-301-0 7X39 RR,NULL
b14f3ed2-10a9-11e7-9c2e-d850e6bdf14c,NULL,3/24/2017 8:51,3/24/2017 8:51,PINION RING GEAR 1-41210-301-0 7X39 S/D,NULL
b15c80ec-10a9-11e7-9c2e-d850e6bdf14c,NULL,3/24/2017 8:51,3/24/2017 8:51,PINION RING GEAR 1-41210-308-1 7x43 F,NULL
b16989d6-10a9-11e7-9c2e-d850e6bdf14c,NULL,3/24/2017 8:51,3/24/2017 8:51,PINION RING GEAR 1-41210-319-1 7X38 S/D,NULL
b1760ecc-10a9-11e7-9c2e-d850e6bdf14c,NULL,3/24/2017 8:51,3/24/2017 8:51,PINION RING GEAR 1-41210-319-1 S/D 7X38 RR,NULL
b182d92c-10a9-11e7-9c2e-d850e6bdf14c,NULL,3/24/2017 8:51,3/24/2017 8:51,PINION RING GEAR 1-41210-322-1 8X39,NULL
b18f1af2-10a9-11e7-9c2e-d850e6bdf14c,NULL,3/24/2017 8:51,3/24/2017 8:51,PINION RING GEAR 1-41210-322-1 8X39 RR,NULL
b19e9bb2-10a9-11e7-9c2e-d850e6bdf14c,NULL,3/24/2017 8:51,3/24/2017 8:51,PINION RING GEAR 1-41210-322-7 9X41 RR,NULL
b1ac96b8-10a9-11e7-9c2e-d850e6bdf14c,NULL,3/24/2017 8:51,3/24/2017 8:51,PINION RING GEAR 1-41210-462-0 6X41 RR,NULL
b1bc6304-10a9-11e7-9c2e-d850e6bdf14c,NULL,3/24/2017 8:51,3/24/2017 8:51,PINION RING GEAR 1-41210-473-0 6X41 FR,NULL
b1ca51b2-10a9-11e7-9c2e-d850e6bdf14c,NULL,3/24/2017 8:51,3/24/2017 8:51,PINION RING GEAR 1-41210-483 6X40,NULL
b1d86acc-10a9-11e7-9c2e-d850e6bdf14c,NULL,3/24/2017 8:51,3/24/2017 8:51,pinion ring gear 1-41210-485 7x41 RR,NULL
b1e572ee-10a9-11e7-9c2e-d850e6bdf14c,NULL,3/24/2017 8:51,3/24/2017 8:51,PINION RING GEAR 17220-55040 6X41 RR,NULL
b1f1da70-10a9-11e7-9c2e-d850e6bdf14c,NULL,3/24/2017 8:51,3/24/2017 8:51,PINION RING GEAR 471/310 6x45 FR,NULL
b1fed3d8-10a9-11e7-9c2e-d850e6bdf14c,NULL,3/24/2017 8:51,3/24/2017 8:51,PINION RING GEAR 8X39 REAR 200-920,NULL
b20bf5a4-10a9-11e7-9c2e-d850e6bdf14c,NULL,3/24/2017 8:51,3/24/2017 8:51,PINION RING GEAR MC411418  6X43 RR,NULL
b21e9970-10a9-11e7-9c2e-d850e6bdf14c,NULL,3/24/2017 8:51,3/24/2017 8:51,PINION RING GEAR MC804120 6X40 RR 200-010,NULL
b22c4322-10a9-11e7-9c2e-d850e6bdf14c,NULL,3/24/2017 8:51,3/24/2017 8:51,PINION RING GEAR MC804124 6X40 FR,NULL
b23a7654-10a9-11e7-9c2e-d850e6bdf14c,NULL,3/24/2017 8:51,3/24/2017 8:51,PINION RING GEAR MC804124 6X40 FR 200-020,NULL
b24764f4-10a9-11e7-9c2e-d850e6bdf14c,NULL,3/24/2017 8:51,3/24/2017 8:51,PINION RING GEAR MC809467 6X45 FRT,NULL
b256c188-10a9-11e7-9c2e-d850e6bdf14c,NULL,3/24/2017 8:51,3/24/2017 8:51,PINION RING GEAR MC827154 TH 7X39 RR,NULL
b266d9f6-10a9-11e7-9c2e-d850e6bdf14c,NULL,3/24/2017 8:51,3/24/2017 8:51,PINION RING GEAR MC831408 S/D 7X39 RR,NULL
b275a2b0-10a9-11e7-9c2e-d850e6bdf14c,NULL,3/24/2017 8:51,3/24/2017 8:51,PINION RING GEAR MC834801  7X36 RR/RR,NULL
b2889d70-10a9-11e7-9c2e-d850e6bdf14c,NULL,3/24/2017 8:51,3/24/2017 8:51,PINION RING GEAR MC834801-1  S/D 7X39B,NULL
b29b055a-10a9-11e7-9c2e-d850e6bdf14c,NULL,3/24/2017 8:51,3/24/2017 8:51,PINION RING GEAR MC834811/809 6X37 RR,NULL
b2abdeac-10a9-11e7-9c2e-d850e6bdf14c,NULL,3/24/2017 8:51,3/24/2017 8:51,PINION RING GEAR MC834855 6X40,NULL
b2ba64f4-10a9-11e7-9c2e-d850e6bdf14c,NULL,3/24/2017 8:51,3/24/2017 8:51,PINION RNG GEAR MC827154 7X39,NULL
b2c8d944-10a9-11e7-9c2e-d850e6bdf14c,NULL,3/24/2017 8:51,3/24/2017 8:51,PLASTIC 009-004-ALL (3MMX600MX1818CM) TAIWAN,NULL
b2d80f22-10a9-11e7-9c2e-d850e6bdf14c,NULL,3/24/2017 8:51,3/24/2017 8:51,POWER SHIFT KIT 9365-0042,NULL
b2e9dd56-10a9-11e7-9c2e-d850e6bdf14c,NULL,3/24/2017 8:51,3/24/2017 8:51,POWER STEERING PUMP 475-03520,NULL
b2fcb0de-10a9-11e7-9c2e-d850e6bdf14c,NULL,3/24/2017 8:51,3/24/2017 8:51,POWESHIFT 1-3373-033/103 RH 30MM,NULL
b30dedd6-10a9-11e7-9c2e-d850e6bdf14c,NULL,3/24/2017 8:51,3/24/2017 8:51,PROPELLER SHAFT  059-0,NULL
b3210e20-10a9-11e7-9c2e-d850e6bdf14c,NULL,3/24/2017 8:51,3/24/2017 8:51,PROPELLER SHAFT  059-0 10pc1,NULL
b3317e0e-10a9-11e7-9c2e-d850e6bdf14c,NULL,3/24/2017 8:51,3/24/2017 8:51,RADIATOR 12105 AT 16400-21180,NULL
b34397e2-10a9-11e7-9c2e-d850e6bdf14c,NULL,3/24/2017 8:51,3/24/2017 8:51,RADIATOR 12269 MT 16400-OM030,NULL
b3553740-10a9-11e7-9c2e-d850e6bdf14c,NULL,3/24/2017 8:51,3/24/2017 8:51,RADIATOR 12296 MT 16400-0L140,NULL
b36f3294-10a9-11e7-9c2e-d850e6bdf14c,NULL,3/24/2017 8:51,3/24/2017 8:51,RADIATOR 12866 MT 16400-21270,NULL
b38bed26-10a9-11e7-9c2e-d850e6bdf14c,NULL,3/24/2017 8:51,3/24/2017 8:51,RADIATOR 14243 MT L300,NULL
b3a6a4ea-10a9-11e7-9c2e-d850e6bdf14c,NULL,3/24/2017 8:51,3/24/2017 8:51,RADIATOR 15365 MT 16400-0L140,NULL
b3bd9d94-10a9-11e7-9c2e-d850e6bdf14c,NULL,3/24/2017 8:51,3/24/2017 8:51,RADIATOR 15365 MT TD27,NULL
b3d19e8e-10a9-11e7-9c2e-d850e6bdf14c,NULL,3/24/2017 8:51,3/24/2017 8:51,RADIATOR 16400-21270 KJ-12182A-PA16,NULL
b3e354e4-10a9-11e7-9c2e-d850e6bdf14c,NULL,3/24/2017 8:51,3/24/2017 8:51,RADIATOR 16400-BZ020 KJ-12142-PA16,NULL
b3f818e8-10a9-11e7-9c2e-d850e6bdf14c,NULL,3/24/2017 8:51,3/24/2017 8:51,RADIATOR 17032 AT 19010-P28-G51,NULL
b40a6b88-10a9-11e7-9c2e-d850e6bdf14c,NULL,3/24/2017 8:51,3/24/2017 8:51,RELAY VALVE 243-04029  FUSO,NULL
b41d0c52-10a9-11e7-9c2e-d850e6bdf14c,NULL,3/24/2017 8:51,3/24/2017 8:51,RELAY VALVE ME707179,NULL
b42f5ee8-10a9-11e7-9c2e-d850e6bdf14c,NULL,3/24/2017 8:51,3/24/2017 8:51,"RELAY VALVE RE-6 281865  3/8""",NULL
b43fdc82-10a9-11e7-9c2e-d850e6bdf14c,NULL,3/24/2017 8:51,3/24/2017 8:51,RIM  15X5HOLES ELF DOUBLE TIRE,NULL
b456d482-10a9-11e7-9c2e-d850e6bdf14c,NULL,3/24/2017 8:51,3/24/2017 8:51,RIM  15X6HOLES CANTER SINGLE TIRE,NULL
b4668ea4-10a9-11e7-9c2e-d850e6bdf14c,NULL,3/24/2017 8:51,3/24/2017 8:51,RIM  15X6HOLES ELF SINGLE TIRE,NULL
b47b047e-10a9-11e7-9c2e-d850e6bdf14c,NULL,3/24/2017 8:51,3/24/2017 8:51,RIM  16X5HOLES ELF DOUBLE TIRE,NULL
b48c93ba-10a9-11e7-9c2e-d850e6bdf14c,NULL,3/24/2017 8:51,3/24/2017 8:51,RIM  700X20 8H 14MM (10X20),NULL
b49d1154-10a9-11e7-9c2e-d850e6bdf14c,NULL,3/24/2017 8:51,3/24/2017 8:51,RIM 11:00X20 8HX14MM  (7.50x20),NULL
b4af8af0-10a9-11e7-9c2e-d850e6bdf14c,NULL,3/24/2017 8:51,3/24/2017 8:51,RIM 700X20 8HX14MM,NULL
b4bfe17a-10a9-11e7-9c2e-d850e6bdf14c,NULL,3/24/2017 8:51,3/24/2017 8:51,RIM TUBELESS 22.5X8.25X8HX14MM,NULL
b4d0fb54-10a9-11e7-9c2e-d850e6bdf14c,NULL,3/24/2017 8:51,3/24/2017 8:51,SHIFTER ASSY NKR,NULL
b4ec9e54-10a9-11e7-9c2e-d850e6bdf14c,NULL,3/24/2017 8:51,3/24/2017 8:51,SHOCK ABSORBER 035,NULL
b501d7b0-10a9-11e7-9c2e-d850e6bdf14c,NULL,3/24/2017 8:51,3/24/2017 8:51,SIDE GRILLE LH NR91 NKR88,NULL
b520616c-10a9-11e7-9c2e-d850e6bdf14c,NULL,3/24/2017 8:51,3/24/2017 8:51,SIDE GRILLE RH NR91 NKR88,NULL
b53992f4-10a9-11e7-9c2e-d850e6bdf14c,NULL,3/24/2017 8:51,3/24/2017 8:51,SIDE LAMP CT96121 LH,NULL
b55f70f0-10a9-11e7-9c2e-d850e6bdf14c,NULL,3/24/2017 8:51,3/24/2017 8:51,SIDE LAMP CT96122 RH,NULL
b56d5602-10a9-11e7-9c2e-d850e6bdf14c,NULL,3/24/2017 8:51,3/24/2017 8:51,SIDE MIRROR CE84 GUTTER SL-1675,NULL
b57b8934-10a9-11e7-9c2e-d850e6bdf14c,NULL,3/24/2017 8:51,3/24/2017 8:51,SIDE MIRROR NKR 85 R=L SL-1652,NULL
b588fb32-10a9-11e7-9c2e-d850e6bdf14c,NULL,3/24/2017 8:51,3/24/2017 8:51,SIGNAL LAMP AMBER,NULL
b5962a8c-10a9-11e7-9c2e-d850e6bdf14c,NULL,3/24/2017 8:51,3/24/2017 8:51,SIGNAL LAMP RED 24V,NULL
b5a3c2e6-10a9-11e7-9c2e-d850e6bdf14c,NULL,3/24/2017 8:51,3/24/2017 8:51,SIGNAL LAMP WHITE 24V,NULL
b5b05916-10a9-11e7-9c2e-d850e6bdf14c,NULL,3/24/2017 8:51,3/24/2017 8:51,SIGNAL LAMP YELLOW,NULL
b5bd85aa-10a9-11e7-9c2e-d850e6bdf14c,NULL,3/24/2017 8:51,3/24/2017 8:51,SILL FENDER PROTECTOR CE97054 LH,NULL
b5ca6702-10a9-11e7-9c2e-d850e6bdf14c,NULL,3/24/2017 8:51,3/24/2017 8:51,SILL FENDER PROTECTOR CU91104 LH,NULL
b5d702e6-10a9-11e7-9c2e-d850e6bdf14c,NULL,3/24/2017 8:51,3/24/2017 8:51,SILL FENDER PROTECTOR CU91105 RH,NULL
b5e43c54-10a9-11e7-9c2e-d850e6bdf14c,NULL,3/24/2017 8:51,3/24/2017 8:51,SKIRT FRONT BUMPER FUSO GR97062A,NULL
b5f0ea8a-10a9-11e7-9c2e-d850e6bdf14c,NULL,3/24/2017 8:51,3/24/2017 8:51,SPRING SEAT  091  D/D  V10,NULL
b5fdb08a-10a9-11e7-9c2e-d850e6bdf14c,NULL,3/24/2017 8:51,3/24/2017 8:51,SPRING SEAT FUSO S/D,NULL
b61bac02-10a9-11e7-9c2e-d850e6bdf14c,NULL,3/24/2017 8:51,3/24/2017 8:51,STAND PANEL LH CE97075,NULL
b6308be0-10a9-11e7-9c2e-d850e6bdf14c,NULL,3/24/2017 8:51,3/24/2017 8:51,STAND PANEL UPPER CE97070 RH ,NULL
b6405f70-10a9-11e7-9c2e-d850e6bdf14c,NULL,3/24/2017 8:51,3/24/2017 8:51,STAND PANEL UPPER CE97071 LH,NULL
b64dab26-10a9-11e7-9c2e-d850e6bdf14c,NULL,3/24/2017 8:51,3/24/2017 8:51,"STAND PANEL, UPPER CE97071",NULL
b65a81f2-10a9-11e7-9c2e-d850e6bdf14c,NULL,3/24/2017 8:51,3/24/2017 8:51,STEP GARNISH LH NR05020,NULL
b6688c3e-10a9-11e7-9c2e-d850e6bdf14c,NULL,3/24/2017 8:51,3/24/2017 8:51,STEP GARNISH RH NR05019,NULL
b67537c2-10a9-11e7-9c2e-d850e6bdf14c,NULL,3/24/2017 8:51,3/24/2017 8:51,SUB WATER TANK EXR ISH84-840 TAIWAN,NULL
b682464c-10a9-11e7-9c2e-d850e6bdf14c,NULL,3/24/2017 8:51,3/24/2017 8:51,SUSPENSION ASSY ,NULL
b68f6926-10a9-11e7-9c2e-d850e6bdf14c,NULL,3/24/2017 8:51,3/24/2017 8:51,SWITCH UNIVERSAL 24V,NULL
b69bdfd0-10a9-11e7-9c2e-d850e6bdf14c,NULL,3/24/2017 8:51,3/24/2017 8:51,TAIL LAMP 3layer 75led 59x21 24v SD-2007,NULL
b6a8fb3e-10a9-11e7-9c2e-d850e6bdf14c,NULL,3/24/2017 8:51,3/24/2017 8:51,TAIL LAMP LED NKR LH24V PLASTIC PLATE,NULL
b6b58688-10a9-11e7-9c2e-d850e6bdf14c,NULL,3/24/2017 8:51,3/24/2017 8:51,TAIL LAMP LED NKR RH 24V PLASTIC PLATE,NULL
b6c29eae-10a9-11e7-9c2e-d850e6bdf14c,NULL,3/24/2017 8:51,3/24/2017 8:51,TAIL LAMP ROUND DOUBLE SD-2005 LH LED 24V IRON PLATE,NULL
b6cfaee6-10a9-11e7-9c2e-d850e6bdf14c,NULL,3/24/2017 8:51,3/24/2017 8:51,TAIL LAMP ROUND DOUBLE SD-2005 RH LED 24V IRON PLATE,NULL
b6e0910c-10a9-11e7-9c2e-d850e6bdf14c,NULL,3/24/2017 8:51,3/24/2017 8:51,TAIL LAMP THREE COMMON FLOWER 24V,NULL
b6edd1b4-10a9-11e7-9c2e-d850e6bdf14c,NULL,3/24/2017 8:51,3/24/2017 8:51,TAIL LAMP TWO-LAYOUT COMMON FLOWER 24V,NULL
b6fae372-10a9-11e7-9c2e-d850e6bdf14c,NULL,3/24/2017 8:51,3/24/2017 8:51,TIE ROD END 1-43150-139,NULL
b707639a-10a9-11e7-9c2e-d850e6bdf14c,NULL,3/24/2017 8:51,3/24/2017 8:51,TIE ROD END 1-43150-140,NULL
b714ba36-10a9-11e7-9c2e-d850e6bdf14c,NULL,3/24/2017 8:51,3/24/2017 8:51,TIE ROD END 801  bjok chi,NULL
b72112ea-10a9-11e7-9c2e-d850e6bdf14c,NULL,3/24/2017 8:51,3/24/2017 8:51,TIE ROD END 802 bjok chi,NULL
b7431944-10a9-11e7-9c2e-d850e6bdf14c,NULL,3/24/2017 8:51,3/24/2017 8:51,TIE ROD END SP-V10 0140/141,NULL
b7501496-10a9-11e7-9c2e-d850e6bdf14c,NULL,3/24/2017 8:51,3/24/2017 8:51,TIRE CARRIER 10T,NULL
b75c9a7c-10a9-11e7-9c2e-d850e6bdf14c,NULL,3/24/2017 8:51,3/24/2017 8:51,TORQUE ROD ASSY 525MM,NULL
b7698610-10a9-11e7-9c2e-d850e6bdf14c,NULL,3/24/2017 8:51,3/24/2017 8:51,TORQUE ROD BUSH  3463-5812-04,NULL
b776a23c-10a9-11e7-9c2e-d850e6bdf14c,NULL,3/24/2017 8:51,3/24/2017 8:51,TORQUE ROD BUSHING for Trailer,NULL
b7834780-10a9-11e7-9c2e-d850e6bdf14c,NULL,3/24/2017 8:51,3/24/2017 8:51,TRAILER BED CENTER BRACKET,NULL
b792e546-10a9-11e7-9c2e-d850e6bdf14c,NULL,3/24/2017 8:51,3/24/2017 8:51,TRAILER BED FRONT BRACKET,NULL
b7a0faa0-10a9-11e7-9c2e-d850e6bdf14c,NULL,3/24/2017 8:51,3/24/2017 8:51,TRAILER BED REAR BRACKET,NULL
b7aeac7c-10a9-11e7-9c2e-d850e6bdf14c,NULL,3/24/2017 8:51,3/24/2017 8:51,TRAILER SUSPENSION ASSY 3AXLE (180MM),NULL
b7bb9662-10a9-11e7-9c2e-d850e6bdf14c,NULL,3/24/2017 8:51,3/24/2017 8:51,TRAILER SUSPENSION ASSY 3AXLE (270MM),NULL
b7c7f42a-10a9-11e7-9c2e-d850e6bdf14c,NULL,3/24/2017 8:51,3/24/2017 8:51,TRANSMISSION SUPPORT ME052576/2600,NULL
b7d50ea8-10a9-11e7-9c2e-d850e6bdf14c,NULL,3/24/2017 8:51,3/24/2017 8:51,TRUNION ASSY  isuzu,NULL
b7e1616c-10a9-11e7-9c2e-d850e6bdf14c,NULL,3/24/2017 8:51,3/24/2017 8:51,TRUNION ASSY FV413,NULL
b7ee4f9e-10a9-11e7-9c2e-d850e6bdf14c,NULL,3/24/2017 8:51,3/24/2017 8:51,TRUNION ASSY FV515 ,NULL
b7fb2502-10a9-11e7-9c2e-d850e6bdf14c,NULL,3/24/2017 8:51,3/24/2017 8:51,TRUNION ASSY GR97 SUPER GREAT SAF117,NULL
b807b1f0-10a9-11e7-9c2e-d850e6bdf14c,NULL,3/24/2017 8:51,3/24/2017 8:51,TRUNION ASSY ISUZU ,NULL
b82209ec-10a9-11e7-9c2e-d850e6bdf14c,NULL,3/24/2017 8:51,3/24/2017 8:51,TRUNION PIN FUSO FV413,NULL
b830a8b2-10a9-11e7-9c2e-d850e6bdf14c,NULL,3/24/2017 8:51,3/24/2017 8:51,TRUNION PIN ISUZU  95MM,NULL
b83d7402-10a9-11e7-9c2e-d850e6bdf14c,NULL,3/24/2017 8:51,3/24/2017 8:51,TRUNION PIN ISUZU 110MM,NULL
b849eaf2-10a9-11e7-9c2e-d850e6bdf14c,NULL,3/24/2017 8:51,3/24/2017 8:51,TRUNION PIN ISUZU 98MM,NULL
b859a60e-10a9-11e7-9c2e-d850e6bdf14c,NULL,3/24/2017 8:51,3/24/2017 8:51,VACUUM BOOSTER 203-07150,NULL
b87571ae-10a9-11e7-9c2e-d850e6bdf14c,NULL,3/24/2017 8:51,3/24/2017 8:51,"VACUUM BOOSTER 207-07150 LONG, BIG YBB-V604",NULL
b88334c4-10a9-11e7-9c2e-d850e6bdf14c,NULL,3/24/2017 8:51,3/24/2017 8:51,VANE CORNER CHROME LH ISL94-126CL,NULL
b8914410-10a9-11e7-9c2e-d850e6bdf14c,NULL,3/24/2017 8:51,3/24/2017 8:51,VANE CORNER CHROME R MBF184004-A  ,NULL
b89ef538-10a9-11e7-9c2e-d850e6bdf14c,NULL,3/24/2017 8:51,3/24/2017 8:51,VANE CORNER CHROME RH ISL94-126CR,NULL
b8b0f0da-10a9-11e7-9c2e-d850e6bdf14c,NULL,3/24/2017 8:51,3/24/2017 8:51,VEENER CORNER CU91005A LH ,NULL
b8bf6426-10a9-11e7-9c2e-d850e6bdf14c,NULL,3/24/2017 8:51,3/24/2017 8:51,VEENER CORNER CU91006A RH,NULL
b8d05286-10a9-11e7-9c2e-d850e6bdf14c,NULL,3/24/2017 8:51,3/24/2017 8:51,VEENER CORNER LH CU91005A CHROME,NULL
b8e26700-10a9-11e7-9c2e-d850e6bdf14c,NULL,3/24/2017 8:51,3/24/2017 8:51,VEENER CORNER RH CU91006A CHROME,NULL
b8ef0a78-10a9-11e7-9c2e-d850e6bdf14c,NULL,3/24/2017 8:51,3/24/2017 8:51,VENTILATOR RUBBER CU91216 LH,NULL
b8ff11b6-10a9-11e7-9c2e-d850e6bdf14c,NULL,3/24/2017 8:51,3/24/2017 8:51,VENTILATOR RUBBER CU91217 RH,NULL
b92dd71c-10a9-11e7-9c2e-d850e6bdf14c,NULL,3/24/2017 8:51,3/24/2017 8:51,VENTILATOR RUBBER CU91218 LH,NULL
b93f285a-10a9-11e7-9c2e-d850e6bdf14c,NULL,3/24/2017 8:51,3/24/2017 8:51,VENTILATOR RUBBER CU91219 RH,NULL
b94fbda0-10a9-11e7-9c2e-d850e6bdf14c,NULL,3/24/2017 8:51,3/24/2017 8:51,WATER PUMP ME035293/ME996801 6D14,NULL
b9645de6-10a9-11e7-9c2e-d850e6bdf14c,NULL,3/24/2017 8:51,3/24/2017 8:51,WATER PUMP ME995649 8DC11 FV515,NULL
b9746c22-10a9-11e7-9c2e-d850e6bdf14c,NULL,3/24/2017 8:51,3/24/2017 8:51,WATER PUMP ME996801 6D16 ,NULL
b9839468-10a9-11e7-9c2e-d850e6bdf14c,NULL,3/24/2017 8:51,3/24/2017 8:51,WATER PUMP WP24-180B10,NULL
b9918230-10a9-11e7-9c2e-d850e6bdf14c,NULL,3/24/2017 8:51,3/24/2017 8:51,WATER PUMP WPIS-353 # 818 6BB/BD/BG,NULL
b9a2bf50-10a9-11e7-9c2e-d850e6bdf14c,NULL,3/24/2017 8:51,3/24/2017 8:51,WATER PUMP WPIS-361 10PE1/10PD1,NULL
b9afc740-10a9-11e7-9c2e-d850e6bdf14c,NULL,3/24/2017 8:51,3/24/2017 8:51,WATER PUMP WPIS-361 1-13650-179-1,NULL
b9c43036-10a9-11e7-9c2e-d850e6bdf14c,NULL,3/24/2017 8:51,3/24/2017 8:51,WATER TANK FR96/NR94122,NULL
b9d747e8-10a9-11e7-9c2e-d850e6bdf14c,NULL,3/24/2017 8:51,3/24/2017 8:51,WATER TANK RADIATOR NR94121 ISUZU,NULL
b9e68f3c-10a9-11e7-9c2e-d850e6bdf14c,NULL,3/24/2017 8:51,3/24/2017 8:51,WIND BREAKER ELF STD,NULL
b9f5f5da-10a9-11e7-9c2e-d850e6bdf14c,NULL,3/24/2017 8:51,3/24/2017 8:51,WIND BREAKER FORWARD,NULL
ba024a56-10a9-11e7-9c2e-d850e6bdf14c,NULL,3/24/2017 8:51,3/24/2017 8:51,WIND BREAKER GIGA,NULL
ba103de6-10a9-11e7-9c2e-d850e6bdf14c,NULL,3/24/2017 8:51,3/24/2017 8:51,WIND BREAKER NPR,NULL
ba1f00e2-10a9-11e7-9c2e-d850e6bdf14c,NULL,3/24/2017 8:51,3/24/2017 8:51,WINDOW REGULATOR CE97 RH ,NULL
ba2b3812-10a9-11e7-9c2e-d850e6bdf14c,NULL,3/24/2017 8:51,3/24/2017 8:51,WINDSHIELD RUBBER 91A,NULL
ba383288-10a9-11e7-9c2e-d850e6bdf14c,NULL,3/24/2017 8:51,3/24/2017 8:51,WINDSHIELD RUBBER CE84,NULL
ba477784-10a9-11e7-9c2e-d850e6bdf14c,NULL,3/24/2017 8:51,3/24/2017 8:51,WINDSHIELD RUBBER CE97  (box #172),NULL
ba53fcac-10a9-11e7-9c2e-d850e6bdf14c,NULL,3/24/2017 8:51,3/24/2017 8:51,WINDSHIELD RUBBER CT84,NULL
ba61030c-10a9-11e7-9c2e-d850e6bdf14c,NULL,3/24/2017 8:51,3/24/2017 8:51,WINDSHIELD RUBBER CT96 STD,NULL
ba6d5ea4-10a9-11e7-9c2e-d850e6bdf14c,NULL,3/24/2017 8:51,3/24/2017 8:51,WINDSHIELD RUBBER CT96 WIDE FB647,NULL
ba7aa578-10a9-11e7-9c2e-d850e6bdf14c,NULL,3/24/2017 8:51,3/24/2017 8:51,WINDSHIELD RUBBER FB444 CT86,NULL
ba87f0de-10a9-11e7-9c2e-d850e6bdf14c,NULL,3/24/2017 8:51,3/24/2017 8:51,WINDSHIELD RUBBER FI94,NULL
ba94400a-10a9-11e7-9c2e-d850e6bdf14c,NULL,3/24/2017 8:51,3/24/2017 8:51,WINDSHIELD RUBBER FP10,NULL
baa13792-10a9-11e7-9c2e-d850e6bdf14c,NULL,3/24/2017 8:51,3/24/2017 8:51,WINDSHIELD RUBBER GR97,NULL
baada1c6-10a9-11e7-9c2e-d850e6bdf14c,NULL,3/24/2017 8:51,3/24/2017 8:51,"WIPER BLADE 16""",NULL
baba770c-10a9-11e7-9c2e-d850e6bdf14c,NULL,3/24/2017 8:51,3/24/2017 8:51,"WIPER BLADE 18""",NULL
bac70670-10a9-11e7-9c2e-d850e6bdf14c,NULL,3/24/2017 8:51,3/24/2017 8:51,"WIPER BLADE 22""",NULL
bad3e5d4-10a9-11e7-9c2e-d850e6bdf14c,NULL,3/24/2017 8:51,3/24/2017 8:51,WIPER LINKAGE CE97 WIDE CL-9234A,NULL
bae0b908-10a9-11e7-9c2e-d850e6bdf14c,NULL,3/24/2017 8:51,3/24/2017 8:51,WIPER LINKAGE NR94 WIDE CL-9263,NULL
de98f7ca-10d6-11e7-9c2e-d850e6bdf14c,NULL,3/24/2017 14:14,3/24/2017 14:14,CLUTCH BOOSTER 1-31800-490-0 YCH-1052 105MM LONG (CHINA),CHINA 
