item,current_stock
ACCELERATOR PEDAL FUSO,190
AIR BRAKE BOOSTER  1430 LONG,0
AIR BRAKE BOOSTER 1-47800-759,0
AIR BRAKE BOOSTER 757-0 LONG ISUZU CXZ,0
AIR BRAKE BOOSTER MC815305 SHORT YBB-A105,38
AIR BRAKE BOOSTER MC815402,70
AIR BRAKE COIL PA2245SR RED TRAILER HOSE,0
AIR BRAKE COIL PA22A5SY YELLOW TRAILER HOSE,0
AIR COMPRESSOR 6BG1,25
AIR DRIER ASSY DR31,30
AIR DRIER ASSY DR-5,32
AIR DRIER ASSY DU-3,32
AIR DRIER ASSY DU-4,24
AIR DRIER ASSY DU-5,30
AIR DRIER ASSY DU-6,30
AIR HORN yah-740,0
ALLOY STEP CT96133 LH=RH,200
ALLOY STEP GR97018 LOWER LH=RH,100
ALLOY STEP LOWER CE84057/58 LH=RH,150
ALLOY STEP UPPER CE84055/56 LH=RH,100
ALLOY STEP UPPER LH CE97083,136
ALLOY STEP UPPER RH CE97083,64
ATF TANK FLUID P34334-00183,0
BASAHAN  small,4
BOLT 14X300,2240
BOLT 18X110,4
BOLT 18X130,4
BOLT 18x260,50
BOLT 18X75 ,25
BOLT 18X90,9
BOLT 24X280/58,2440
BOX FOR DASHBOARD FUSO GR97,0
BRAKE CHAMBER 2 STUD T30,400
BRAKE CHAMBER 2STUD T30  SINGLE,0
BRAKE CHAMBER 2STUD T30/30 DD,80
BRAKE CHAMBER 4STUD  ISUZU 925-322-622,0
BRAKE CHAMBER 4STUD 622,0
BRAKE CHAMBER 4STUD 925-322-622-0,50
BRAKE CHAMBER 4STUD HINO ZM440,50
BRAKE CHAMBER 4STUD T30/30 005,0
BRAKE CHAMBER 4STUD T30/30DD  005,100
BRAKE FLUID TANK AIR MASTER,0
BRAKE FLUID TANK CRW3127-5,48
BRICK LAYING TROWEL FA8709 280mm,1177
BRICK LAYING TROWEL FA8907 7mm,1190
BRICK LAYING TROWEL FA8907 8mm ,1190
BRICK LAYING TROWEL FA8935 140mm,1143
BRICK LAYING TROWEL FA8935 180MM,1145
BUMPER  PR93011A ,0
BUMPER 10.5T 88 IZFR84022 FTR-88 TAIWAN,0
BUMPER 3.5T 1991 MBL85-202 FB300-91 TAIWAN,35
BUMPER 6.8T MBL85-201 FE444 TAIWAN,10
BUMPER ASSY CE97 chromed w/ acc,49
BUMPER ASSY CE97 GIGA CHROME,0
BUMPER ASSY CE97029 PAINTED,0
BUMPER ASSY FRONT CE97 GIGA CHROME,0
BUMPER ASSY PR 93044-A,0
BUMPER ASSY PR CHROME,0
BUMPER CE84032-B WHOLE,50
BUMPER CE97029 CHROME W/O ACC,0
BUMPER CE97029 PAINTED,15
BUMPER CE97029 PAINTED WHITE W/OUT ACC.,0
BUMPER CE97029-A  ,0
BUMPER CE97029A chrome  w acc.,0
BUMPER CE97029A CHROME W/OUT ACC.,0
BUMPER CE97029A W/O ACC.,10
BUMPER CORNER CU91054,150
BUMPER CORNER CU91055,150
BUMPER CT96013 STD,25
BUMPER FOG LAMP LH GR97137,200
BUMPER FOG LAMP RH GR97138,200
BUMPER FRONT ASSY CHROME CE97 GIGA,0
BUMPER FRONT NR94020 NKR & NHR 198CM WITHOUT,0
BUMPER FRONT UPPER FUSO GR97061A,15
BUMPER GARNISH LOWER CE97039,100
BUMPER GARNISH PR93012 RH,0
BUMPER GARNISH PR93013 LH,0
BUMPER GR97061A UP CHROME,60
BUMPER GR97062A LOW CHROME,80
BUMPER HEAD LAMP COVER CE97092 LH PAINT,50
BUMPER HEAD LAMP COVER CE97093 RLH PAINT,50
BUMPER HEAD LAMP COVER CE97093A rh chrome,0
BUMPER HEADLAMP COVER CE97092A LH chrome,0
BUMPER LOWER CHROME MBCU91071A F320-86 TAIWAN,30
BUMPER LOWER MBH84-201 F320-86  TAIWAN,68
BUMPER LOWER MBH84-201 FE20-86 TAIWAN,100
BUMPER MBM84-200 FM515 TAIWAN,30
BUMPER NPR05 WIDE CHROME,15
BUMPER NPR05B NEW BRACKET STD,45
BUMPER NPR05B NEW BRACKET WIDE,15
BUMPER NR05A CHROME,20
BUMPER NR91 STD 168CM                                                 ,40
BUMPER NR94020 wide 198CM ,12
BUMPER PR93011B PAINTED,0
BUMPER UPPER CHROME MBCU91070A F320-86 TAIWAN,10
BUMPER UPPER MBH84-200 F320-86 TAIWAN,80
CABIN SHOCK ABSORBER 8-97083-035-0,200
CABIN SHOCK ABSORBER MC012599,20
CENTER BOLT 16X280 ISUZU FRT,83
CLUTCH BOOSTER  REPAIR KIT YCH-090R 22.2MM,1000
CLUTCH BOOSTER 642-03505,0
CLUTCH BOOSTER 90MM  22.2MM  KOREA,400
CLUTCH BOOSTER ASSY 105MM 22.2,100
CLUTCH BOOSTER ASSY 70MM 22.2,100
CLUTCH BOOSTER KIT 70MM  0424,200
"CLUTCH DISC 16TX17"" SDHN-094",24
COMBINATION SWITCH CU91 FUSO,0
CORNER LAMP 213-1514 LH NKR91,100
CORNER LAMP 213-1514 RH NKR91,100
CORNER LAMP CE91 LH,0
CORNER LAMP CE91 RH,0
CORNER LAMP CU91137 LH,60
CORNER LAMP CU91138 RH,60
CORNER LAMP CU94073 LH,0
CORNER LAMP CU94074 RH,0
CORNER LAMP F194095 LH,100
CORNER LAMP F194096 RH,100
CORNER LAMP LH CU94073,150
CORNER LAMP LH FR-84076,0
CORNER LAMP RH CU94074,150
CORNER LAMP RH FR84075,0
COVER FOR BOLT STAINLESS SM008-1 TAIWAN,4944
DASHBOARD ACC.ONLY CE97,0
DASHBOARD CE97 WOOD,104
DASHBOARD CT96,0
DASHBOARD CT96 STD,0
DASHBOARD CT96199 fuso,0
DASHBOARD CT96199 STD,79
DASHBOARD CT96199 WIDE,0
DASHBOARD CU91,157
DASHBOARD CU94 WOOD TYPE,0
DASHBOARD FR96 STD,0
DASHBOARD FR96 STD WOOD ,24
DASHBOARD FR96 WIDE,10
DASHBOARD FR96 WIDE WOOD ,0
DASHBOARD FUSO CT96 STD,0
DASHBOARD FUSO CT96199 STD,0
DASHBOARD FUSO GR97,0
DASHBOARD GR97,37
DASHBOARD ISUZU CE97 WOOD,0
DASHBOARD ISUZU NR94 STD WOOD,0
DASHBOARD ISUZU NR94 WIDE,0
DASHBOARD ISUZU NR94 WIDE WOOD,0
DASHBOARD NKR85,94
DASHBOARD NR94 STD,0
DASHBOARD NR94 WIDE,0
DASHBOARD NR94 WIDE WOOD,0
DASHBOARD WOOD GR97  154,0
DASHBOARD WOOD PARTS GR97,0
DOOR ASSY  CE97  042 LH,0
DOOR ASSY CE97 041 RH,33
DOOR ASSY CE97 LH,30
DOOR ASSY CU91 LH,38
DOOR ASSY CU91 RH,42
DOOR ASSY NR85 LH,10
DOOR ASSY NR85 RH,10
DOOR GARNISH  MBL96-3106L,150
DOOR GARNISH LOWER LH FR96030,0
DOOR GARNISH LOWER RH FR96029,0
DOOR GARNISH MBL96-310R,150
DOOR INSIDE  MOULDING NR85,100
DOOR INSIDE MOULDING  CT86038  RH,400
DOOR INSIDE MOULDING CE97146 RH,200
DOOR INSIDE MOULDING CE97147 LH,50
DOOR INSIDE MOULDING CT86037 LH,200
DOOR INSIDE MOULDING CT96037 LH,85
DOOR INSIDE MOULDING CT96038 RH,0
DOOR INSIDE MOULDING NR85060/61 RH=LH,0
DOOR INSIDE MOULDING NR85060/61 RH=LH 90CM,800
DOOR INSIDE MOULDING NR94089 RH,600
DOOR INSIDE MOULDING NR94090 LH,500
DOOR INSIDE MOULDING NR94091 RH,500
DOOR MOULDING CE97148,250
DOOR MOULDING CE97149,50
DOOR MOULDING CT96037,400
DOOR MOULDING CT96038,700
DOOR MOULDING CT96039,0
DOOR MOULDING CT96040,400
DOOR OUTSIDE MOULDING CE97148 RH,48
DOOR OUTSIDE MOULDING CE97149 LH,100
DOOR OUTSIDE MOULDING CT86039 LH,400
DOOR OUTSIDE MOULDING CT86040 RH,480
DOOR OUTSIDE MOULDING CT96039 LH,150
DOOR OUTSIDE MOULDING CT96040  RH,217
DOOR OUTSIDE MOULDING NR85,0
DOOR OUTSIDE MOULDING NR85062/63,0
DOOR OUTSIDE MOULDING NR85062/63 RH=LH,2200
DOOR OUTSIDE MOULDING NR94091 RH,1100
DOOR OUTSIDE MOULDING NR94092 LH,550
DOOR SHELL CE97 LH,9
DOOR SHELL CE97 RH,8
DOOR SHELL CT96 RH,5
DOOR SHELL FR96 LH,1
DOOR SHELL FR96 RH,1
DOOR SHELL NR85 LH,4
DOOR SHELL NR85 RH,9
DOOR SHELL NR94 LH,6
DOOR SHELL NR94 RH,4
DOOR TRIM  CT96026,25
DOOR TRIM CT86031 LH,10
DOOR TRIM CT86032 RH,15
DOOR TRIM CT96027,10
DOOR WEATHER STRIP CT86 ,38
DOOR WEATHERSTRIP CT96109,17
DOOR WEATHERSTRIP CU91159 LH,0
DOOR WEATHERSTRIP CU91160 RH,25
DOOR WEATHERSTRIP FR84,20
DOOR WEATHERSTRIP FR96088 LH,50
DOOR WEATHERSTRIP FR96089 RH,50
DOOR WEATHERSTRIP FR96090 LH,75
DOOR WEATHERSTRIP FR96091 RH,75
DOOR WEATHERSTRIP NR94155,50
DOOR WEATHERSTRIP NR94156,50
DOOR WEATHERSTRIP NR94157 RH,0
DOOR WEATHERSTRIP NR94158 LH,0
DRAG LINK END 6D16,600
DRAG LINK HEAD  91A,500
DRAG LINK HEAD DW ,500
DRAG LINK NKR 10L,0
DRAG LINK NKR 10L ,0
DRAGLINK 8-97039-469-3 DL-166,42
DROPSIDE HINGE 08133,0
DROPSIDE LOCK 08134,0
DROPSIDE LOCK 08134 2.85KG,1200
EARLY WARNING DEVICE,976
ENGINE SUPPORT ME062358 91A,200
"EXHAUST CONNECTOR  3-1/2"" STRAIGHT",100
FAN BLADE #224 ,0
FAN BLADE 1-13660-239-0 ISUZU 12PD1,0
FAN BLADE 1-13660-289-0,0
FAN BLADE 224,0
FAN BLADE 239-0 12PD1,0
FAN BLADE 5-13662-012-0 me035139,50
FAN BLADE 5-13662-012-0/ME035139,0
FAN BLADE 662/490-2 4HF1/4BC2,100
FAN BLADE ME013370,0
FAN BLADE ME013370 MIT 4D34T,50
FAN BLADE ME013493,0
FAN BLADE ME055056 MIT 6D22A FP418,50
FAN BLADE ME055319,0
FAN BLADE ME060129,0
FAN BLADE ME060129 8DC9,0
FAN BLADE ME060129 MIT 8DC9,0
FAN BLADE ME065378,0
FAN BLADE ME065378 8DC91-11,0
FAN BLADE ME299225,0
FENDER REAR (NEW) MBH84-811 F320 TAIWAN (mudguard),154
FENDER RUBBER GR97032 RH,0
FILTER AIR  A-1502,30
FILTER AIR A-1508,18
FILTER AIR A-6012,144
FILTER C-1712,92
FILTER OIL O-1503,48
FILTER OIL O-1514,64
FLYWHEEL  258 10PC1,0
FLYWHEEL 10PC 1-12331-258 430MM 164T-8H-19MM,0
FLYWHEEL 10PC1/PD 1-12331-258,0
FLYWHEEL 1-12330-400,0
FLYWHEEL 1-12330-400 6WA1,0
FLYWHEEL 1-12331-258,0
FLYWHEEL 1-12331-258  10PC1/10PD1,0
FLYWHEEL 5-12330-148 4BE1,52
FLYWHEEL 6WAI 1-12330-400,0
FLYWHEEL 8DC9 HIGH ME062829,0
FLYWHEEL ME052658  6d22 430X143TX8H X 17MM,0
FLYWHEEL ME052658 6D22,28
FLYWHEEL ME062829 8DC9 HIGH,0
FLYWHEEL ME062829 8dc9 high 430MMX143TX8HX17MM ,0
FOG LAMP CE97102 RH,0
FOG LAMP CE97103  LH,0
FOG LAMP NR85045 RH,100
FOG LAMP NR85046 LH,100
FOOT VALVE ASSY UNI.,42
FRONT BUMPER NR94020 NKR & NHR W/O HOLE,28
FRONT CORNER PANEL CE98 LH,20
FRONT CORNER PANEL CE98 RH,20
FRONT CORNER PANELCE84029A RH,0
FRONT CORNER PANELCE84030A LH,0
FRONT GRILLE  NR91 NKR87,0
FRONT PANEL 99 YEAR FR96003,0
FRONT PANEL CE02001,23
FRONT PANEL CE97,5
FRONT PANEL CE98,15
FRONT PANEL GR97057,10
FRONT PANEL MBCU91067 F320-86 TAIWAN,20
FRONT PANEL MBH84-120 F320-86 TAIWAN,30
FRONT PANELCE02001,0
FRONTBUMPER NR94021 NKR & NHR 168CM/WITH HOLE,0
GRILLE 7.9T WHITE 1985 NPR-91 TAIWAN,20
GRILLE CE02002A,0
GRILLE CE02002A  CHROME,0
GRILLE CE02002A CHROME ,99
GRILLE CE02002B,20
GRILLE CENTER NKR W/SIDE GRILL NR85008 NKR & NHR 3.5T,0
GRILLE CT96063 wide 198cm  6holes w lens,0
GRILLE CT96065 CT96064 117CM 4HOLES,0
GRILLE CU91001-A,0
GRILLE CU91001B,0
GRILLE CU94001A,70
GRILLE CU94001A CHROME,0
GRILLE CU94001B,0
GRILLE GR97002,0
GRILLE GR97002A,0
GRILLE GR97002A CHROME ,10
GRILLE GR97002B PAINTED,30
GRILLE MBL85-131 FB300-91 3.5T SILVER TAIWAN,50
GRILLE UPPER NM 6-1,0
HANDBRAKE 4JB1,0
HANDBRAKE ASSY FE,20
HEADLAMP  213-1111 LH,150
HEADLAMP 213-1111 RH,150
HEADLAMP BRACKET CE97A LH,0
HEADLAMP BRACKET CE97A RH,0
HEADLAMP BRACKET CE97B LH,0
HEADLAMP BRACKET CE97B RH,0
HEADLAMP BRACKET CE97C LH,0
HEADLAMP BRACKET CE97C RH,0
HEADLAMP CE97090 RH,20
HEADLAMP CE97091 LH,36
HEADLAMP CT96 LH PROJECTOR ,64
HEADLAMP CT96 RH PROJECTOR ,64
HEADLAMP CU94071 LH,44
HEADLAMP CU94072 RH,104
HEADLAMP FUSO CU94071 LH,0
HEADLAMP FUSO CU94072 RH,0
HEADLAMP GARNISH CU94004,100
HEADLAMP GARNISH CU94005,100
HEADLAMP GARNISH LOWER NR94019 RH,0
HEADLAMP GARNISH NR94018 LH,0
HEADLAMP GR97133 LH,0
HEADLAMP GR97134 RH,0
HEADLAMP LH GR97133,32
HEADLAMP RH GR97134,32
HEADLIGHT CASE CE91014A LH,30
HEADLIGHT CASE CE91015A RH,30
HOIST PUMP KP-1403A,0
HOIST PUMP KPA-1302B,0
HUB BOLT NUT FB LH ,1013
HUB BOLT NUT FB RH,4300
HUB BOLT NUT LH,0
HYDROVAC PACKING D5/D7,400
INHALE PILE LOWER,24
KING PIN KIT KP-512,100
KNUCKLE ARM FE CANTER,231
LADDER 2 SECTION COMB. 1.2MM MD-840-10,21
LADDER FOLDING ALUMINUM 1.0MM MD-805-6,38
LAMP FRONT NR94062  RH,200
LAMP FRONT NR94063  LH,300
LANDING GEAR 28T,175
leafspring 0180-1  W/GRIND CSS,500
leafspring 0180-1 W/O GRIND CSS,200
leafspring 0180-A10-C,0
leafspring 0180-A10-CSS (SETS),0
leafspring 7060-3  rr spm/spz,30
leafspring fv415-f-5 w clip,50
leafspring fv415-f-6,50
LEAFSPRING PIN 51161-004-1,1400
LEAFSPRING PIN 51161-012,4860
LEAFSPRING PIN 8-94222-174-3,1050
LEAFSPRING PIN 9-51161-011-0,1600
LEAFSPRING PIN 9-51161-014,1800
LEAFSPRING PIN 9-51161-018-1,1250
LEAFSPRING PIN 9-51161-045,750
LEAFSPRING PIN 9-51361-034-1,200
LEAFSPRING PIN 9-51361-066-0,1650
LEAFSPRING PIN MB035277,550
LEAFSPRING PIN MB035281,5800
LEAFSPRING PIN MC362016,0
LEAFSPRING PIN MC362017,1260
LEAFSPRING PIN MC403611,400
LEAFSPRING PIN MC404134,1200
LEAFSPRING PIN MC413533,200
"LIGHT CASE LH IZCE84014 EXR-87"" TAIWAN",50
"LIGHT CASE RH IZCE84015 EXR-87"" TAIWAN",50
MIRROR ARM ISUZU NR05021 RH,50
MIRROR ARM ISUZU NR05022 LH,50
MIRROR ARM LH MBCT86098 FE444 TW,100
MIRROR CE84 BUMPER SL-1676 250MM,300
MIRROR CE84 DRIVER SL-1673,0
MIRROR CE84 DRIVER SL-1673 325X178MM,0
MIRROR CE84 GUTTER SMALL SL-769 230X235MM,300
MIRROR CE84 RIGHT SL-1672,300
MIRROR CE97 GUTTER SL-1689 240X240MM,300
MIRROR CE97 LEFT SL-1685 180X330MM,300
MIRROR CE97 RIGHT SL-1687 305X225MM,300
MIRROR CT85 BUMPER SL-1766 148MM,300
MIRROR CT96 SL-1657,60
MIRROR FU91 BUMPER SL-1771,0
MIRROR FU91 DRIVER LEFT SL-1620,0
MIRROR FU91 DRIVER LEFT SL-1620 320X175MM,0
MIRROR FU91 GUTTER SL-1663,0
MIRROR FU91 GUTTER SL-1663 210X230MM,300
MIRROR FU91 RIGHT SL-1662,0
MIRROR FU91 RIGHT SL-1662 325X238MM,0
MIRROR NKR85 R=L SL-1652 257X168MM,540
MIRROR NKR94 BUMPER SMALL SL-1776,0
MIRROR NKR94 SMALL SL-1690 265X170MM,300
MIRROR NPR94 BUMPER BIG SL-630,120
MIRROR NR94 BIG SL-1691 320X193MM,300
MIXER PCM 8-H,0
MOP BUCKET,4
MOP HANDLE,168
MUDGUARD,0
MUDGUARD BRACKET,0
MUDGUARD BRACKET 1270X620X680MM,0
MUDGUARD china,177
MUDGUARD MX-288A 1270X620X680MM,0
MUDGUARD NR94046 RH,208
MUDGUARD NR94047 LH,110
MUDGUARD PANEL  MBH84-545 F320 TAIWAN,30
MUDGUARD PANEL MBCU91120,70
OIL FILTER C-1327,78
OIL FILTER C-1504,144
OIL FILTER C-2810,75
OIL FILTER C-5816,0
OIL FILTER O-1526,50
OIL SEAL 711-005 ,1000
PAINT MIXER,480
PANEL CORNER CE02003A RH,0
PANEL CORNER CE02004A LH,0
PANEL CORNER CE98A LH VENT TYPE,20
PANEL CORNER CE98A RH VENT TYPE,20
PANEL CORNER LH CE02004A ,0
PANEL CORNER RH CE02003A,0
PINION RING GEAR  1-41210-293-1 6x43 FR,50
PINION RING GEAR  1-41210-294-1 6x43  RR,0
PINION RING GEAR  1-41210-294-1 6x43 RR,22
PINION RING GEAR  1-41210-322 8X41 S/D,0
PINION RING GEAR  1-41210-460-0(311-1) 6X45 RR,0
PINION RING GEAR  1-41210-462 REAR 6X41 ,28
PINION RING GEAR  1-41210-462-0 6x41 RR,0
PINION RING GEAR  1-41210-478-1 8X39 FRT,0
PINION RING GEAR  200-210 6x45 frt/rr,0
PINION RING GEAR  MC411419 6X43 RR,20
PINION RING GEAR  MC804124 6X40 FR,0
PINION RING GEAR 1-2020-90040/33400 6X41 RR,49
PINION RING GEAR 1-41210-039-0 6X45 RR,22
PINION RING GEAR 1-41210-055-0/322-8 6X40 S/D,24
PINION RING GEAR 1-41210-184-0 6x45 FR ,22
PINION RING GEAR 1-41210-274-0  7x45  RR/RR,28
PINION RING GEAR 1-41210-293-1 6X43 FR,0
PINION RING GEAR 1-41210-294-1 6X43 RR,0
PINION RING GEAR 1-41210-301-0 7X39 RR,0
PINION RING GEAR 1-41210-301-0 7X39 S/D,0
PINION RING GEAR 1-41210-308-1 7x43 F,28
PINION RING GEAR 1-41210-319-1 7X38 S/D,24
PINION RING GEAR 1-41210-319-1 S/D 7X38 RR,0
PINION RING GEAR 1-41210-322-1 8X39,0
PINION RING GEAR 1-41210-322-1 8X39 RR,0
PINION RING GEAR 1-41210-322-7 9X41 RR,24
PINION RING GEAR 1-41210-462-0 6X41 RR,0
PINION RING GEAR 1-41210-473-0 6X41 FR,22
PINION RING GEAR 1-41210-483 6X40,16
pinion ring gear 1-41210-485 7x41 RR,0
PINION RING GEAR 17220-55040 6X41 RR,50
PINION RING GEAR 471/310 6x45 FR,28
PINION RING GEAR 8X39 REAR 200-920,0
PINION RING GEAR MC411418  6X43 RR,0
PINION RING GEAR MC804120 6X40 RR 200-010,0
PINION RING GEAR MC804124 6X40 FR,0
PINION RING GEAR MC804124 6X40 FR 200-020,0
PINION RING GEAR MC809467 6X45 FRT,22
PINION RING GEAR MC827154 TH 7X39 RR,0
PINION RING GEAR MC831408 S/D 7X39 RR,0
PINION RING GEAR MC834801  7X36 RR/RR,20
PINION RING GEAR MC834801-1  S/D 7X39B,26
PINION RING GEAR MC834811/809 6X37 RR,0
PINION RING GEAR MC834855 6X40,24
PINION RNG GEAR MC827154 7X39,2
PLASTIC 009-004-ALL (3MMX600MX1818CM) TAIWAN,86
POWER SHIFT KIT 9365-0042,200
POWER STEERING PUMP 475-03520,0
POWESHIFT 1-3373-033/103 RH 30MM,100
PROPELLER SHAFT  059-0,0
PROPELLER SHAFT  059-0 10pc1,116
RADIATOR 12105 AT 16400-21180,5
RADIATOR 12269 MT 16400-OM030,30
RADIATOR 12296 MT 16400-0L140,5
RADIATOR 12866 MT 16400-21270,70
RADIATOR 14243 MT L300,30
RADIATOR 15365 MT 16400-0L140,5
RADIATOR 15365 MT TD27,5
RADIATOR 16400-21270 KJ-12182A-PA16,0
RADIATOR 16400-BZ020 KJ-12142-PA16,0
RADIATOR 17032 AT 19010-P28-G51,5
RELAY VALVE 243-04029  FUSO,40
RELAY VALVE ME707179,40
"RELAY VALVE RE-6 281865  3/8""",300
RIM  15X5HOLES ELF DOUBLE TIRE,0
RIM  15X6HOLES CANTER SINGLE TIRE,100
RIM  15X6HOLES ELF SINGLE TIRE,38
RIM  16X5HOLES ELF DOUBLE TIRE,82
RIM  700X20 8H 14MM (10X20),0
RIM 11:00X20 8HX14MM  (7.50x20),60
RIM 700X20 8HX14MM,40
RIM TUBELESS 22.5X8.25X8HX14MM,15
SHIFTER ASSY NKR,3
SHOCK ABSORBER 035,200
SIDE GRILLE LH NR91 NKR88,0
SIDE GRILLE RH NR91 NKR88,0
SIDE LAMP CT96121 LH,200
SIDE LAMP CT96122 RH,100
SIDE MIRROR CE84 GUTTER SL-1675,0
SIDE MIRROR NKR 85 R=L SL-1652,0
SIGNAL LAMP AMBER,2300
SIGNAL LAMP RED 24V,1000
SIGNAL LAMP WHITE 24V,500
SIGNAL LAMP YELLOW,2200
SILL FENDER PROTECTOR CE97054 LH,0
SILL FENDER PROTECTOR CU91104 LH,100
SILL FENDER PROTECTOR CU91105 RH,100
SKIRT FRONT BUMPER FUSO GR97062A,0
SPRING SEAT  091  D/D  V10,0
SPRING SEAT FUSO S/D,30
STAND PANEL LH CE97075,0
STAND PANEL UPPER CE97070 RH ,284
STAND PANEL UPPER CE97071 LH,204
"STAND PANEL, UPPER CE97071",0
STEP GARNISH LH NR05020,50
STEP GARNISH RH NR05019,150
SUB WATER TANK EXR ISH84-840 TAIWAN,145
SUSPENSION ASSY ,0
SWITCH UNIVERSAL 24V,0
TAIL LAMP 3layer 75led 59x21 24v SD-2007,50
TAIL LAMP LED NKR LH24V PLASTIC PLATE,60
TAIL LAMP LED NKR RH 24V PLASTIC PLATE,60
TAIL LAMP ROUND DOUBLE SD-2005 LH LED 24V IRON PLATE,60
TAIL LAMP ROUND DOUBLE SD-2005 RH LED 24V IRON PLATE,60
TAIL LAMP THREE COMMON FLOWER 24V,114
TAIL LAMP TWO-LAYOUT COMMON FLOWER 24V,0
TIE ROD END 1-43150-139,102
TIE ROD END 1-43150-140,0
TIE ROD END 801  bjok chi,0
TIE ROD END 802 bjok chi,0
TIE ROD END SP-V10 0140/141,100
TIRE CARRIER 10T,0
TORQUE ROD ASSY 525MM,620
TORQUE ROD BUSH  3463-5812-04,2593
TORQUE ROD BUSHING for Trailer,0
TRAILER BED CENTER BRACKET,80
TRAILER BED FRONT BRACKET,0
TRAILER BED REAR BRACKET,0
TRAILER SUSPENSION ASSY 3AXLE (180MM),10
TRAILER SUSPENSION ASSY 3AXLE (270MM),1
TRANSMISSION SUPPORT ME052576/2600,0
TRUNION ASSY  isuzu,0
TRUNION ASSY FV413,0
TRUNION ASSY FV515 ,0
TRUNION ASSY GR97 SUPER GREAT SAF117,3
TRUNION ASSY ISUZU ,18
TRUNION PIN FUSO FV413,0
TRUNION PIN ISUZU  95MM,30
TRUNION PIN ISUZU 110MM,50
TRUNION PIN ISUZU 98MM,50
VACUUM BOOSTER 203-07150,40
"VACUUM BOOSTER 207-07150 LONG, BIG YBB-V604",50
VANE CORNER CHROME LH ISL94-126CL,74
VANE CORNER CHROME R MBF184004-A  ,60
VANE CORNER CHROME RH ISL94-126CR,60
VEENER CORNER CU91005A LH ,240
VEENER CORNER CU91006A RH,240
VEENER CORNER LH CU91005A CHROME,0
VEENER CORNER RH CU91006A CHROME,0
VENTILATOR RUBBER CU91216 LH,50
VENTILATOR RUBBER CU91217 RH,50
VENTILATOR RUBBER CU91218 LH,50
VENTILATOR RUBBER CU91219 RH,50
WATER PUMP ME035293/ME996801 6D14,8
WATER PUMP ME995649 8DC11 FV515,30
WATER PUMP ME996801 6D16 ,32
WATER PUMP WP24-180B10,204
WATER PUMP WPIS-353 # 818 6BB/BD/BG,0
WATER PUMP WPIS-361 10PE1/10PD1,10
WATER PUMP WPIS-361 1-13650-179-1,0
WATER TANK FR96/NR94122,200
WATER TANK RADIATOR NR94121 ISUZU,300
WIND BREAKER ELF STD,5
WIND BREAKER FORWARD,0
WIND BREAKER GIGA,0
WIND BREAKER NPR,0
WINDOW REGULATOR CE97 RH ,400
WINDSHIELD RUBBER 91A,43
WINDSHIELD RUBBER CE84,100
WINDSHIELD RUBBER CE97  (box #172),0
WINDSHIELD RUBBER CT84,6
WINDSHIELD RUBBER CT96 STD,0
WINDSHIELD RUBBER CT96 WIDE FB647,0
WINDSHIELD RUBBER FB444 CT86,10
WINDSHIELD RUBBER FI94,10
WINDSHIELD RUBBER FP10,45
WINDSHIELD RUBBER GR97,0
"WIPER BLADE 16""",0
"WIPER BLADE 18""",700
"WIPER BLADE 22""",0
WIPER LINKAGE CE97 WIDE CL-9234A,142
WIPER LINKAGE NR94 WIDE CL-9263,100
